Booth No,Village / Polling Station (English),Village / Polling Station (Punjabi),AAP Status,2022 Total Polled,2022 Winner,2022 Margin,2022 AAP Votes,2022 AAP %,2022 INC Votes,2022 INC %,2022 SAD Votes,2022 SAD %,2022 PLC/BJP Votes,2022 PLC/BJP %,2024 Total Polled,2024 Winner,2024 Margin,2024 AAP Votes,2024 AAP %,2024 INC Votes,2024 INC %,2024 BJP Votes,2024 BJP %,2024 SAD Votes,2024 SAD %,AAP Vote Shift (+/-),AAP Swing % (+/-),INC Swing % (+/-),BJP Swing % (+/-),SAD Swing % (+/-),Turnout Diff,Turnout Diff %
1,Booth 1 - Amritsar South,ਬੂਥ 1 - ਅੰਮ੍ਰਿਤਸਰ ਦੱਖਣੀ,Lost in 2024 (to BJP),545,AAP,173,293,53.76,120,22.02,105,19.27,15,2.75,443,BJP,27,130,29.35,110,24.83,157,35.44,25,5.64,-163,-24.41,2.81,32.69,-13.63,-102,-18.72
2,Booth 2 - Amritsar South,ਬੂਥ 2 - ਅੰਮ੍ਰਿਤਸਰ ਦੱਖਣੀ,Lost in 2024 (to INC),628,AAP,106,288,45.86,182,28.98,147,23.41,3,0.48,492,INC,15,148,30.08,163,33.13,126,25.61,32,6.5,-140,-15.78,4.15,25.13,-16.91,-136,-21.66
3,Booth 3 - Amritsar South,ਬੂਥ 3 - ਅੰਮ੍ਰਿਤਸਰ ਦੱਖਣੀ,Lost in 2024 (to BJP),425,AAP,82,191,44.94,109,25.65,87,20.47,26,6.12,355,BJP,109,60,16.9,83,23.38,192,54.08,13,3.66,-131,-28.04,-2.27,47.96,-16.81,-70,-16.47
4,Booth 4 - Amritsar South,ਬੂਥ 4 - ਅੰਮ੍ਰਿਤਸਰ ਦੱਖਣੀ,Lost in 2024 (to BJP),529,AAP,64,221,41.78,124,23.44,157,29.68,21,3.97,446,BJP,110,102,22.87,95,21.3,212,47.53,30,6.73,-119,-18.91,-2.14,43.56,-22.95,-83,-15.69
5,Booth 5 - Amritsar South,ਬੂਥ 5 - ਅੰਮ੍ਰਿਤਸਰ ਦੱਖਣੀ,Lost in 2024 (to BJP),682,AAP,284,415,60.85,131,19.21,108,15.84,21,3.08,508,BJP,85,107,21.06,118,23.23,203,39.96,55,10.83,-308,-39.79,4.02,36.88,-5.01,-174,-25.51
6,Booth 6 - Amritsar South,ਬੂਥ 6 - ਅੰਮ੍ਰਿਤਸਰ ਦੱਖਣੀ,Lost in 2024 (to BJP),583,AAP,145,304,52.14,159,27.27,85,14.58,14,2.4,476,BJP,124,92,19.33,101,21.22,225,47.27,39,8.19,-212,-32.81,-6.05,44.87,-6.39,-107,-18.35
7,Booth 7 - Amritsar South,ਬੂਥ 7 - ਅੰਮ੍ਰਿਤਸਰ ਦੱਖਣੀ,Lost in 2024 (to BJP),670,AAP,112,295,44.03,183,27.31,170,25.37,8,1.19,519,BJP,21,158,30.44,135,26.01,179,34.49,29,5.59,-137,-13.59,-1.3,33.3,-19.78,-151,-22.54
8,"Bhagtanwala Gali No. 4, Nagar Nigam Amritsar, Ward No. 49 + Bazar Munshian Wala, Nagar Nigam Amritsar, Ward No. 49 + Gali Mansood Choudhary, Nagar Nigam Amritsar, Ward No. 49 + Bazar Ghumiyaran Wala, Nagar Nigam Amritsar, Ward No. 49 + Gali Munshian Wali, Nagar Nigam Amritsar, Ward No. 49 + Katra Karam Singh, Nagar Nigam Amritsar, Ward No. 49","ਭਗਤਾਂਵਾਲਾ ਗਲੀ ਨੰ.4, ਨਗਰ ਨਿਗਮ ਅੰਮ੍ਰਿਤਸਰ, ਵਾਰਡ ਨੰ. 49 + ਬਜ਼ਾਰ ਮੁਨਸ਼ੀਆ ਵਾਲਾ, ਨਗਰ ਨਿਗਮ ਅੰਮ੍ਰਿਤਸਰ, ਵਾਰਡ ਨੰ. 49 + ਗਲੀ ਮਨਸੂਦ ਚੌਧਰੀ, ਨਗਰ ਨਿਗਮ ਅੰਮ੍ਰਿਤਸਰ, ਵਾਰਡ ਨੰ. 49 + ਬਜ਼ਾਰ ਘੁਮਿਆਰਾਂ ਵਾਲਾ, ਨਗਰ ਨਿਗਮ ਅੰਮ੍ਰਿਤਸਰ, ਵਾਰਡ ਨੰ. 49 + ਗਲੀ ਮੁਨਸ਼ੀਆ ਵਾਲੀ, ਨਗਰ ਨਿਗਮ ਅੰਮ੍ਰਿਤਸਰ, ਵਾਰਡ ਨੰ. 49 + ਕਟੜਾ ਕਰਮ ਸਿੰਘ, ਨਗਰ ਨਿਗਮ ਅੰਮ੍ਰਿਤਸਰ, ਵਾਰਡ ਨੰ. 49",Lost in 2024 (to BJP),680,AAP,137,332,48.82,195,28.68,120,17.65,22,3.24,553,BJP,104,114,20.61,129,23.33,233,42.13,59,10.67,-218,-28.21,-5.35,38.89,-6.98,-127,-18.68
9,"Gali Hatam Bhai Andrun Gate Hakima, Nagar Nigam Amritsar, Ward No. 54","ਗਲੀ ਹਾਤਮ ਭਾਈ ਅੰਦਰੁਨ ਗੇਟ ਹਕੀਮਾ, ਨਗਰ ਨਿਗਮ ਅੰਮ੍ਰਿਤਸਰ, ਵਾਰਡ ਨੰ. 54",Lost in 2024 (to BJP),686,AAP,96,290,42.27,155,22.59,194,28.28,33,4.81,580,BJP,128,116,20.0,139,23.97,267,46.03,42,7.24,-174,-22.27,1.38,41.22,-21.04,-106,-15.45
10,"Gali Khoiyan No. 1, Nagar Nigam Amritsar, Ward No. 54 + Gali Khoiyan No. 2, Nagar Nigam Amritsar, Ward No. 54 + Gali Hatam Bhai Baharla Pasa, Nagar Nigam Amritsar, Ward No. 54 + Gate Khazana Saja Pasa, Nagar Nigam Amritsar, Ward No. 54 + Circular Road Khazana Gate, Nagar Nigam Amritsar, Ward No. 54","ਗਲੀ ਖੋਈਆਂ ਨੰ. 1, ਨਗਰ ਨਿਗਮ ਅੰਮ੍ਰਿਤਸਰ, ਵਾਰਡ ਨੰ. 54 + ਗਲੀ ਖੋਈਆਂ ਨੰ. 2, ਨਗਰ ਨਿਗਮ ਅੰਮ੍ਰਿਤਸਰ, ਵਾਰਡ ਨੰ. 54 + ਗਲੀ ਹਾਤਮ ਭਾਈ ਬਾਹਰਲਾ ਪਾਸਾ, ਨਗਰ ਨਿਗਮ ਅੰਮ੍ਰਿਤਸਰ, ਵਾਰਡ ਨੰ. 54 + ਗੇਟ ਖਜ਼ਾਨਾ ਸੱਜਾ ਪਾਸਾ ਨਗਰ ਨਿਗਮ ਅੰਮ੍ਰਿਤਸਰ ਵਾਰਡ ਨੰ. 54 + ਸਰਕੁਲਰ ਰੋਡ ਖਜ਼ਾਨਾ ਗੇਟ, ਨਗਰ ਨਿਗਮ ਅੰਮ੍ਰਿਤਸਰ, ਵਾਰਡ ਨੰ. 54",Lost in 2024 (to BJP),631,AAP,106,279,44.22,138,21.87,173,27.42,20,3.17,448,BJP,67,98,21.88,122,27.23,189,42.19,28,6.25,-181,-22.34,5.36,39.02,-21.17,-183,-29.0
11,Booth 11 - Amritsar South,ਬੂਥ 11 - ਅੰਮ੍ਰਿਤਸਰ ਦੱਖਣੀ,Lost in 2024 (to BJP),492,AAP,174,262,53.25,88,17.89,83,16.87,45,9.15,408,BJP,94,72,17.65,107,26.23,201,49.26,12,2.94,-190,-35.6,8.34,40.11,-13.93,-84,-17.07
12,Booth 12 - Amritsar South,ਬੂਥ 12 - ਅੰਮ੍ਰਿਤਸਰ ਦੱਖਣੀ,Lost in 2024 (to BJP),613,AAP,152,293,47.8,141,23.0,138,22.51,28,4.57,514,BJP,120,112,21.79,118,22.96,238,46.3,10,1.95,-181,-26.01,-0.04,41.73,-20.56,-99,-16.15
13,Booth 13 - Amritsar South,ਬੂਥ 13 - ਅੰਮ੍ਰਿਤਸਰ ਦੱਖਣੀ,Lost in 2024 (to BJP),591,AAP,184,316,53.47,107,18.1,132,22.34,24,4.06,349,BJP,85,59,16.91,98,28.08,183,52.44,5,1.43,-257,-36.56,9.98,48.38,-20.91,-242,-40.95
14,Booth 14 - Amritsar South,ਬੂਥ 14 - ਅੰਮ੍ਰਿਤਸਰ ਦੱਖਣੀ,Lost in 2024 (to BJP),614,AAP,153,288,46.91,135,21.99,135,21.99,35,5.7,462,BJP,43,77,16.67,140,30.3,183,39.61,43,9.31,-211,-30.24,8.31,33.91,-12.68,-152,-24.76
15,Booth 15 - Amritsar South,ਬੂਥ 15 - ਅੰਮ੍ਰਿਤਸਰ ਦੱਖਣੀ,Lost in 2024 (to INC),639,AAP,92,269,42.1,167,26.13,177,27.7,13,2.03,534,INC,73,63,11.8,243,45.51,170,31.84,42,7.87,-206,-30.3,19.38,29.81,-19.83,-105,-16.43
16,Booth 16 - Amritsar South,ਬੂਥ 16 - ਅੰਮ੍ਰਿਤਸਰ ਦੱਖਣੀ,Weak Booth (< 20% Share),617,SAD,41,148,23.99,195,31.6,236,38.25,6,0.97,429,INC,59,41,9.56,163,38.0,51,11.89,104,24.24,-107,-14.43,6.4,10.92,-14.01,-188,-30.47
17,"Abadi Radha Krishan Colony, Nagar Nigam Amritsar, Ward No. 50 + Abadi Quarters, Mulle Chak, Nagar Nigam Amritsar, Ward No. 50","ਆਬਾਦੀ ਰਾਧਾ ਕ੍ਰਿਸ਼ਨ ਕੈਲੋਨੀ, ਨਗਰ ਨਿਗਮ ਅੰਮ੍ਰਿਤਸਰ, ਵਾਰਡ ਨੰ. 50 + ਅਬਾਦੀ ਕਵਾਂਟਰ, ਮੁ้ਲੇ ਚੱਕ, ਨਗਰ ਨਿਗਮ ਅੰਮ੍ਰਿਤਸਰ, ਵਾਰਡ ਨੰ. 50",Lost Both Times (Deficit),575,INC,65,180,31.3,245,42.61,119,20.7,3,0.52,492,INC,24,130,26.42,154,31.3,91,18.5,73,14.84,-50,-4.88,-11.31,17.98,-5.86,-83,-14.43
18,"Abadi Quarter, Mulle Chowk, Nagar Nigam Amritsar, Ward No. 50","ਅਬਾਦੀ ਕਵਾਟਰ, ਮੁ้ਲੇ ਚੌਕ, ਨਗਰ ਨਿਗਮ ਅੰਮ੍ਰਿਤਸਰ, ਵਾਰਡ ਨੰ. 50",Weak Booth (< 20% Share),545,INC,47,174,31.93,221,40.55,118,21.65,4,0.73,478,INC,98,61,12.76,221,46.23,34,7.11,123,25.73,-113,-19.17,5.68,6.38,4.08,-67,-12.29
19,"Gali Chhiura Wali, Nagar Nigam Amritsar Ward No. 48 + Gali Devi Wali, (Jora Pipal) Nagar Nigam Amritsar, Ward No. 48 + Gali Nalke Wali, Nagar Nigam Amritsar, Ward No. 48 + Gali Pehalwana, Nagar Nigam Amritsar, Ward No. 48 + Gali Diwan Singh, Nagar Nigam Amritsar, Ward No. 48 + Gali Chela Ram, Nagar Nigam Amritsar, Ward No. 48","ਗਲੀ ਛਿਉੜਾ ਵਾਲੀ, ਨਗਰ ਨਿਗਮ ਅੰਮ੍ਰਿਤਸਰ ਵਾਰਡ ਨੰ. 48 + ਗਲੀ ਦੇਵੀ ਵਾਲੀ, (ਜੋੜਾ ਪਿੱਪਲ) ਨਗਰ ਨਿਗਮ ਅੰਮ੍ਰਿਤਸਰ, ਵਾਰਡ ਨੰ. 48 + ਗਲੀ ਨਲਕੇ ਵਾਲੀ, ਨਗਰ ਨਿਗਮ ਅੰਮ੍ਰਿਤਸਰ, ਵਾਰਡ ਨੰ. 48 + ਗਲੀ ਪਹਿਲਵਾਨਾ, ਨਗਰ ਨਿਗਮ ਅੰਮ੍ਰਿਤਸਰ, ਵਾਰਡ ਨੰ. 48 + ਗਲੀ ਦੀਵਾਨ ਸਿੰਘ, ਨਗਰ ਨਿਗਮ ਅੰਮ੍ਰਿਤਸਰ, ਵਾਰਡ ਨੰ. 48 + ਗਲੀ ਚੇਲਾ ਰਾਮ, ਨਗਰ ਨਿਗਮ ਅੰਮ੍ਰਿਤਸਰ, ਵਾਰਡ ਨੰ. 48",Lost in 2024 (to BJP),565,AAP,143,304,53.81,161,28.5,71,12.57,25,4.42,474,BJP,170,70,14.77,104,21.94,274,57.81,22,4.64,-234,-39.04,-6.56,53.39,-7.93,-91,-16.11
20,"Bazar Bhagtan Wala, Nagar Nigam Amritsar, Ward No. 48 + Gali Shahdin, Nagar Nigam Amritsar, Ward No. 48 + Bazar Gujran Wala, Nagar Nigam Amritsar, Ward No. 48 + Gali Masit Wali, Nagar Nigam Amritsar, Ward No. 48 + Bazar Gujran Chowk Chabutra, Nagar Nigam Amritsar, Ward No. 48 + Kucha Hari Singh, Nagar Nigam Amritsar, Ward No. 48 + Kucha Raiyan Wala, Nagar Nigam Amritsar, Ward No. 48 + Gali Shahdin, Nagar Nigam Amritsar Ward No. 48 + Gali Nati Baksh, Nagar Nigam Amritsar, Ward No. 48","ਬਾਜ਼ਾਰ ਭਗਤਾਂ ਵਾਲਾ, ਨਗਰ ਨਿਗਮ ਅੰਮ੍ਰਿਤਸਰ, ਵਾਰਡ ਨੰ. 48 + ਗਲੀ ਸ਼ਾਹਦੀਨ, ਨਗਰ ਨਿਗਮ ਅੰਮ੍ਰਿਤਸਰ, ਵਾਰਡ ਨੰ. 48 + ਬਾਜ਼ਾਰ ਗੁਜਰਾਂ ਵਾਲਾ, ਨਗਰ ਨਿਗਮ ਅੰਮ੍ਰਿਤਸਰ, ਵਾਰਡ ਨੰ. 48 + ਗਲੀ ਮਸੀਤ ਵਾਲੀ, ਨਗਰ ਨਿਗਮ ਅੰਮ੍ਰਿਤਸਰ, ਵਾਰਡ ਨੰ. 48 + ਬਾਜ਼ਾਰ ਗੁਜਰਾਂ ਚੌਂਕ ਚਬੂਤਰਾ, ਨਗਰ ਨਿਗਮ ਅੰਮ੍ਰਿਤਸਰ, ਵਾਰਡ ਨੰ. 48 + ਕੂਚਾ ਹਰੀ ਸਿੰਘ, ਨਗਰ ਨਿਗਮ ਅੰਮ੍ਰਿਤਸਰ, ਵਾਰਡ ਨੰ. 48 + ਕੂਚਾ ਰਾਈਆਂ ਵਾਲਾ, ਨਗਰ ਨਿਗਮ ਅੰਮ੍ਰਿਤਸਰ, ਵਾਰਡ ਨੰ. 48 + ਗਲੀ ਸ਼ਾਹਦੀਨ, ਨਗਰ ਨਿਗਮ ਅੰਮ੍ਰਿਤਸਰ ਵਾਰਡ ਨੰ. 48 + ਗਲੀ ਨਤੀ ਬਖਸ਼, ਨਗਰ ਨਿਗਮ ਅੰਮ੍ਰਿਤਸਰ, ਵਾਰਡ ਨੰ. 48",Lost in 2024 (to BJP),499,AAP,95,240,48.1,89,17.84,145,29.06,15,3.01,360,BJP,41,59,16.39,91,25.28,132,36.67,70,19.44,-181,-31.71,7.44,33.66,-9.62,-139,-27.86
21,"Kucha Gujran Wala, Nagar Nigam Amritsar, Ward No. 48 + Gali Guru Nanak Wali, Nagar Nigam, Amritsar, Ward No. 48 + Kucha Tahil Singh Circular Road Nagar Nigam Amritsar Ward No. 48 + Gali Sedhiyan, Nagar Nigam Amritsar, Ward No. 46 + Gali Moole Wali, Nagar Nigam Amritsar, Ward No. 46","ਕੂਚਾ ਗੁਜਰਾਂ ਵਾਲਾ, ਨਗਰ ਨਿਗਮ ਅੰਮ੍ਰਿਤਸਰ, ਵਾਰਡ ਨੰ. 48 + ਗਲੀ ਗੁਰੂ ਨਾਨਕ ਵਾਲੀ, ਨਗਰ ਨਿਗਮ, ਅੰਮ੍ਰਿਤਸਰ, ਵਾਰਡ ਨੰ. 48 + ਕੂਚਾ ਟਹਿਲ ਸਿੰਘ ਸਰਕੂਲਰ ਰੋਡ ਨਗਰ ਨਿਗਮ ਅੰਮ੍ਰਿਤਸਰ ਵਾਰਡ ਨੰ. 48 + ਗਲੀ ਸੇਢੀਆਂ, ਨਗਰ ਨਿਗਮ ਅੰਮ੍ਰਿਤਸਰ, ਵਾਰਡ ਨੰ. 46 + ਗਲੀ ਮੂਲੇ ਵਾਲੀ, ਨਗਰ ਨਿਗਮ ਅੰਮ੍ਰਿਤਸਰ, ਵਾਰਡ ਨੰ. 46",Lost in 2024 (to BJP),540,AAP,149,278,51.48,112,20.74,129,23.89,14,2.59,461,BJP,65,115,24.95,111,24.08,180,39.05,43,9.33,-163,-26.53,3.34,36.46,-14.56,-79,-14.63
22,"Gali Pehalwana Wali Bazar Bhagtan Wala, Nagar Nigam Amritsar, Ward No. 48 + Gali Tind Shah, Nagar Nigam Amritsar, Ward No. 48 + Mohalla Balmiki, Nagar Nigam Amritsar, Ward No. 48 + Mandir Wali Gali, Nagar Nigam Amritsar Ward No. 48 + Gali Dharek Wali, Nagar Nigam Amritsar Ward No. 48","ਗਲੀ ਪਹਿਲਵਾਨਾਂ ਵਾਲੀ ਬਾਜ਼ਾਰ ਭਗਤਾਂ ਵਾਲਾ, ਨਗਰ ਨਿਗਮ ਅੰਮ੍ਰਿਤਸਰ, ਵਾਰਡ ਨੰ. 48 + ਗਲੀ ਟਿੰਡ ਸ਼ਾਹ, ਨਗਰ ਨਿਗਮ ਅੰਮ੍ਰਿਤਸਰ, ਵਾਰਡ ਨੰ. 48 + ਮੁਹੱਲਾ ਬਾਲਮੀਕੀ, ਨਗਰ ਨਿਗਮ ਅੰਮ੍ਰਿਤਸਰ, ਵਾਰਡ ਨੰ. 48 + ਮੰਦਿਰ ਵਾਲੀ ਗਲੀ, ਨਗਰ ਨਿਗਮ ਅੰਮ੍ਰਿਤਸਰ ਵਾਰਡ ਨੰ. 48 + ਗਲੀ ਧਰੇਕ ਵਾਲੀ, ਨਗਰ ਨਿਗਮ ਅੰਮ੍ਰਿਤਸਰ ਵਾਰਡ ਨੰ. 48",Lost in 2024 (to INC),604,AAP,92,281,46.52,189,31.29,114,18.87,3,0.5,419,INC,107,52,12.41,213,50.84,106,25.3,36,8.59,-229,-34.11,19.55,24.8,-10.28,-185,-30.63
23,"Guru Teg Bahadur Avenue, Nagar Nigam Amritsar, Ward No. 46 + Bazaar Ghumiaran, Nagar Nigam Amritsar, Ward No. 48 + Gali Guru Nanak, Nagar Nigam Amritsar, Ward No. 48 + Gali Krishna, Nagar Nigam Amritsar, Ward No. 48 + Gali Mistra Nagar Nigam Amritsar, Ward No. 48 + Gali Jawala Wali, Nagar Nigam Amritsar, Ward No. 48 + Gali Chappar Wali, Nagar Nigam Amritsar, Ward No. 48 + Bazaar Ghumiaran Wala Near Shivala Behar Wala Chowk, Nagar Nigam Amritsar, Ward No. 48","ਗੁਰੂ ਤੇਗ ਬਹਾਦਰ ਐਵੀਨਿਊ, ਨਗਰ ਨਿਗਮ ਅੰਮ੍ਰਿਤਸਰ, ਵਾਰਡ ਨੰ. 46 + ਬਾਜ਼ਾਰ ਘੁਮਿਆਰਾਂ, ਨਗਰ ਨਿਗਮ ਅੰਮ੍ਰਿਤਸਰ, ਵਾਰਡ ਨੰ. 48 + ਗਲੀ ਗੁਰੂ ਨਾਨਕ, ਨਗਰ ਨਿਗਮ ਅੰਮ੍ਰਿਤਸਰ, ਵਾਰਡ ਨੰ. 48 + ਗਲੀ ਕ੍ਰਿਸ਼ਨਾ, ਨਗਰ ਨਿਗਮ ਅੰਮ੍ਰਿਤਸਰ, ਵਾਰਡ ਨੰ. 48 + ਗਲੀ ਮਿਸਤਰਾ ਨਗਰ ਨਿਗਮ ਅੰਮ੍ਰਿਤਸਰ, ਵਾਰਡ ਨੰ. 48 + ਗਲੀ ਜਵਾਲਾ ਵਾਲੀ, ਨਗਰ ਨਿਗਮ ਅੰਮ੍ਰਿਤਸਰ, ਵਾਰਡ ਨੰ. 48 + ਗਲੀ ਛੱਪੜ ਵਾਲੀ, ਨਗਰ ਨਿਗਮ ਅੰਮ੍ਰਿਤਸਰ, ਵਾਰਡ ਨੰ. 48 + ਬਾਜ਼ਾਰ ਘੁਮਿਆਰਾਂ ਵਾਲਾ ਨੇੜੇ ਸ਼ਿਵਾਲਾ ਬੇਹੜ ਵਾਲਾ ਚੌਕ, ਨਗਰ ਨਿਗਮ ਅੰਮ੍ਰਿਤਸਰ, ਵਾਰਡ ਨੰ. 48",Lost in 2024 (to BJP),429,AAP,152,252,58.74,100,23.31,69,16.08,6,1.4,353,BJP,11,108,30.59,89,25.21,119,33.71,30,8.5,-144,-28.15,1.9,32.31,-7.58,-76,-17.72
24,"Kucha Rahimshu Khila, Nagar Nigam Amritsar, Ward No. 48 + Androon Gilwali Gate, Nagar Nigam Amritsar, Ward No. 48 + Bazaar Jattan Wala, Nagar Nigam Amritsar, Ward No. 48 + Gali Jameetan Kamboj, Nagar Nigam Amritsar, Ward No. 48 + Gali Aave Wali, Nagar Nigam Amritsar, Ward No. 48","ਕੂਚਾ ਰਹੀਮਸ਼ੁ ਖਿਲਾ, ਨਗਰ ਨਿਗਮ ਅੰਮ੍ਰਿਤਸਰ, ਵਾਰਡ ਨੰ. 48 + ਅੰਦਰੂਨ ਗਿਲਵਾਲੀ ਗੇਟ, ਨਗਰ ਨਿਗਮ ਅੰਮ੍ਰਿਤਸਰ, ਵਾਰਡ ਨੰ. 48 + ਬਾਜ਼ਾਰ ਜੱਟਾਂ ਵਾਲਾ, ਨਗਰ ਨਿਗਮ ਅੰਮ੍ਰਿਤਸਰ, ਵਾਰਡ ਨੰ. 48 + ਗਲੀ ਜਮੀਤਾਂ ਕੰਬੋਜ, ਨਗਰ ਨਿਗਮ ਅੰਮ੍ਰਿਤਸਰ, ਵਾਰਡ ਨੰ. 48 + ਗਲੀ ਆਵੇ ਵਾਲੀ, ਨਗਰ ਨਿਗਮ ਅੰਮ੍ਰਿਤਸਰ, ਵਾਰਡ ਨੰ. 48",Won Both Times (Stronghold),570,AAP,243,359,62.98,81,14.21,116,20.35,6,1.05,454,AAP,25,155,34.14,130,28.63,109,24.01,51,11.23,-204,-28.84,14.42,22.96,-9.12,-116,-20.35
25,"Gali Aave Wali, Androon Gate Bhagtanwala, Nagar Nigam Amritsar Ward No. 48 + Gali Megha Katra Garbha Singh, Nagar Nigam Amritsar. Ward No. 48, Amritsar. + Gali Aave Wali Devi, Androon Gate Bhagtanwala, Nagar Nigam Amritsar Ward No. 48 + Gali Rahimuj Bazar Gujra, Nagar Nigam Amritsar. Ward No. 48, Amritsar. + Bazar Gujra Katra Garbha Singh, Nagar Nigam Amritsar Ward No. 48, Amritsar.","ਗਲੀ ਆਵੇ ਵਾਲੀ, ਅੰਦਰੂਨ ਗੇਟ ਭਗਤਾਂਵਾਲਾ, ਨਗਰ ਨਿਗਮ ਅੰਮ੍ਰਿਤਸਰ ਵਾਰਡ ਨੰ 48 + ਗਲੀ ਮੇਘਾ ਕਟੜਾ ਗਰਭਾ ਸਿੰਘ, ਨਗਰ ਨਿਗਮ ਅੰਮ੍ਰਿਤਸਰ. ਵਾਰਡ ਨੰ 48, ਅੰਮ੍ਰਿਤਸਰ. + ਗਲੀ ਆਵੇ ਵਾਲੀ ਦੇਵੀ, ਅੰਦਰੂਨ ਗੇਟ ਭਗਤਾਂਵਾਲਾ, ਨਗਰ ਨਿਗਮ ਅੰਮ੍ਰਿਤਸਰ ਵਾਰਡ ਨੰ 48 + ਗਲੀ ਰਹਿਮੁਜ ਬਜਾਰ ਗੁਜਰਾ, ਨਗਰ ਨਿਗਮ ਅੰਮ੍ਰਿਤਸਰ. ਵਾਰਡ ਨੰ 48, ਅੰਮ੍ਰਿਤਸਰ. + ਬਾਜਾਰ ਗੁਜਰਾ ਕਟੜਾ ਗਰਭਾ ਸਿੰਘ, ਨਗਰ ਨਿਗਮ ਅੰਮ੍ਰਿਤਸਰ ਵਾਰਡ ਨੰ 48, ਅੰਮ੍ਰਿਤਸਰ.",Lost in 2024 (to BJP),700,AAP,111,329,47.0,218,31.14,118,16.86,22,3.14,611,BJP,152,107,17.51,137,22.42,289,47.3,59,9.66,-222,-29.49,-8.72,44.16,-7.2,-89,-12.71
26,"Gali Taliyan Wali, Nagar Nigam Amritsar Ward No. 49 + Bazaar Jora Pippal, Nagar Nigam Amritsar Ward No. 48 + Gali Kamboj Wali, Nagar Nigam Amritsar Ward No. 48 + Bazaar Khooh Berian, Nagar Nigam Amritsar Ward No. 48 + Gali Aadivasian, Nagar Nigam Amritsar Ward No. 48 + Ram Gali, Jora Pippal, Nagar Nigam Amritsar Ward No. 48 + New Dashmesh Avenue Amritsar Ward No. 50","ਗਲੀ ਤਲੀਆਂ ਵਾਲੀ, ਨਗਰ ਨਿਗਮ ਅੰਮ੍ਰਿਤਸਰ ਵਾਰਡ ਨੰ. 49 + ਬਜ਼ਾਰ ਜੋੜਾ ਪਿੱਪਲ, ਨਗਰ ਨਿਗਮ ਅੰਮ੍ਰਿਤਸਰ ਵਾਰਡ ਨੰ. 48 + ਗਲੀ ਕੰਬੋਜ ਵਾਲੀ, ਨਗਰ ਨਿਗਮ ਅੰਮ੍ਰਿਤਸਰ ਵਾਰਡ ਨੰ. 48 + ਬਜ਼ਾਰ ਖੂਹ ਬੇਰੀਆਂ, ਨਗਰ ਨਿਗਮ ਅੰਮ੍ਰਿਤਸਰ ਵਾਰਡ ਨੰ. 48 + ਗਲੀ ਆਦੀਵਾਸੀਆਂ, ਨਗਰ ਨਿਗਮ ਅੰਮ੍ਰਿਤਸਰ ਵਾਰਡ ਨੰ. 48 + ਰਾਮ ਗਲੀ, ਜੋੜਾ ਪਿੱਪਲ, ਨਗਰ ਨਿਗਮ ਅੰਮ੍ਰਿਤਸਰ ਵਾਰਡ ਨੰ. 48 + ਨਿਊ ਦਸਮੇਸ਼ ਐਵੀਨਿਊ ਅੰਮ੍ਰਿਤਸਰ ਵਾਰਡ ਨੰ. 50",Lost in 2024 (to BJP),621,AAP,250,373,60.06,123,19.81,96,15.46,18,2.9,539,BJP,139,129,23.93,97,18.0,268,49.72,34,6.31,-244,-36.13,-1.81,46.82,-9.15,-82,-13.2
27,"Gali Veerowali, Nagar Nigam, Amritsar, Ward No. 49 + Gali Mela Singh, Nagar Nigam Amritsar, Ward No. 49 + Gali Dasodha Wali, Nagar Nigam Amritsar, Ward No. 49 + Hak Malviyan, Nagar Nigam Amritsar, Ward No. 48 + Bazaar Joda Pipal, Nagar Nigam Amritsar, Ward No. 48 + Gali Deva Singh, Nagar Nigam Amritsar, Ward No. 48 + Kucha Shaheed Pehalwan, Nagar Nigam Amritsar, Ward No. 48 + Kucha Dayal Singh, Nagar Nigam Amritsar, Ward No. 49 + Kanak Mandi, Nagar Nigam Amritsar, Ward No. 49 + Lakkar Mandi, Nagar Nigam Amritsar, Ward No. 49 + Chah Basti Ram, Nagar Nigam Amritsar, Ward No. 49 + Chitpurni Chowk, Nagar Nigam Amritsar, Ward No. 49 + Gali Tambaku Kuta, Nagar Nigam Amritsar, Ward No. 49","ਗਲੀ ਵੀਰੋਵਾਲੀ, ਨਗਰ ਨਿਗਮ, ਅੰਮ੍ਰਿਤਸਰ, ਵਾਰਡ ਨੰ. 49 + ਗਲੀ ਮੇਲਾ ਸਿੰਘ, ਨਗਰ ਨਿਗਮ ਅੰਮ੍ਰਿਤਸਰ, ਵਾਰਡ ਨੰ.49 + ਗਲੀ ਦਸੌਧਾ ਵਾਲੀ, ਨਗਰ ਨਿਗਮ ਅੰਮ੍ਰਿਤਸਰ, ਵਾਰਡ ਨੰ. 49 + ਹਾਕ ਮਾਲਵੀਆਂ, ਨਗਰ ਨਿਗਮ ਅੰਮ੍ਰਿਤਸਰ, ਵਾਰਡ ਨੰ. 48 + ਬਾਜ਼ਾਰ ਜੋੜਾ ਪਿੱਪਲ, ਨਗਰ ਨਿਗਮ ਅੰਮ੍ਰਿਤਸਰ, ਵਾਰਡ ਨੰ. 48 + ਗਲੀ ਦੇਵਾ ਸਿੰਘ, ਨਗਰ ਨਿਗਮ ਅੰਮ੍ਰਿਤਸਰ, ਵਾਰਡ ਨੰ. 48 + ਕੂਚਾ ਸ਼ਹੀਦ ਪਹਿਲਵਾਨ, ਨਗਰ ਨਿਗਮ ਅੰਮ੍ਰਿਤਸਰ, ਵਾਰਡ ਨੰ. 48 + ਕੂਚਾ ਦਿਆਲ ਸਿੰਘ, ਨਗਰ ਨਿਗਮ ਅੰਮ੍ਰਿਤਸਰ, ਵਾਰਡ ਨੰ. 49 + ਕਣਕ ਮੰਡੀ, ਨਗਰ ਨਿਗਮ ਅੰਮ੍ਰਿਤਸਰ, ਵਾਰਡ ਨੰ. 49 + ਲੱਕੜ ਮੰਡੀ, ਨਗਰ ਨਿਗਮ ਅੰਮ੍ਰਿਤਸਰ, ਵਾਰਡ ਨੰ. 49 + ਚਾਹ ਬਸਤੀ ਰਾਮ, ਨਗਰ ਨਿਗਮ ਅੰਮ੍ਰਿਤਸਰ, ਵਾਰਡ ਨੰ. 49 + ਚਿੱਤਪੁਰਨੀ ਚੌਕ, ਨਗਰ ਨਿਗਮ ਅੰਮ੍ਰਿਤਸਰ, ਵਾਰਡ ਨੰ. 49 + ਗਲੀ ਤੰਬਾਕੂ ਕੁਟਾ, ਨਗਰ ਨਿਗਮ ਅੰਮ੍ਰਿਤਸਰ, ਵਾਰਡ ਨੰ. 49",Lost in 2024 (to BJP),508,AAP,47,236,46.46,189,37.2,61,12.01,16,3.15,410,BJP,153,72,17.56,83,20.24,236,57.56,14,3.41,-164,-28.9,-16.96,54.41,-8.6,-98,-19.29
28,"Gali Veere Wali, Nagar Nigam Amritsar, Ward No. 49 + Gali Ichha Ram, Nagar Nigam Amritsar, Ward No. 49 + Shiv Gali, Nagar Nigam Amritsar, Ward No. 49 + Swank Mandi, Nagar Nigam Amritsar, Ward No. 49","ਗਲੀ ਵੀਰੇ ਵਾਲੀ, ਨਗਰ ਨਿਗਮ ਅੰਮ੍ਰਿਤਸਰ, ਵਾਰਡ ਨੰ. 49 + ਗਲੀ ਇੱਛਾਂ ਰਾਮ, ਨਗਰ ਨਿਗਮ ਅੰਮ੍ਰਿਤਸਰ, ਵਾਰਡ ਨੰ. 49 + ਸ਼ਿਵ ਗਲੀ, ਨਗਰ ਨਿਗਮ ਅੰਮ੍ਰਿਤਸਰ, ਵਾਰਡ ਨੰ. 49 + ਸਵਾਂਕ ਮੰਡੀ, ਨਗਰ ਨਿਗਮ ਅੰਮ੍ਰਿਤਸਰ, ਵਾਰਡ ਨੰ. 49",Lost in 2024 (to BJP),525,AAP,118,268,51.05,150,28.57,45,8.57,44,8.38,404,BJP,189,43,10.64,72,17.82,261,64.6,18,4.46,-225,-40.41,-10.75,56.22,-4.11,-121,-23.05
29,"Bazaar Chhatrian, Nagar Nigam Amritsar, Ward No. 49 + Namak Mandi, Nagar Nigam Amritsar, Ward No. 49 + Gali Jandi Wali, Nagar Nigam Amritsar, Ward No. 49 + Kandhariyan Gali, Nagar Nigam Amritsar, Ward No. 49","ਬਾਜ਼ਾਰ ਛੱਤਰੀਆਂ, ਨਗਰ ਨਿਗਮ ਅੰਮ੍ਰਿਤਸਰ, ਵਾਰਡ ਨੰ. 49 + ਨਮਕ ਮੰਡੀ, ਨਗਰ ਨਿਗਮ ਅੰਮ੍ਰਿਤਸਰ, ਵਾਰਡ ਨੰ. 49 + ਗਲੀ ਜੰਡੀ ਵਾਲੀ, ਨਗਰ ਨਿਗਮ ਅੰਮ੍ਰਿਤਸਰ, ਵਾਰਡ ਨੰ. 49 + ਕੰਧਾਰੀਆਂ ਗਲੀ, ਨਗਰ ਨਿਗਮ ਅੰਮ੍ਰਿਤਸਰ, ਵਾਰਡ ਨੰ. 49",Lost in 2024 (to BJP),521,AAP,62,230,44.15,168,32.25,85,16.31,22,4.22,397,BJP,181,47,11.84,73,18.39,254,63.98,15,3.78,-183,-32.31,-13.86,59.76,-12.53,-124,-23.8
30,"Gali Talian Wali, Nagar Nigam Amritsar, Ward No. 49 + Krishna Gali, Nagar Nigam Amritsar, Ward No. 49","ਗਲੀ ਤਲੀਆਂ ਵਾਲੀ, ਨਗਰ ਨਿਗਮ ਅੰਮ੍ਰਿਤਸਰ, ਵਾਰਡ ਨੰ.49 + ਕ੍ਰਿਸ਼ਨਾ ਗਾਲੀ, ਨਗਰ ਨਿਗਮ ਅੰਮ੍ਰਿਤਸਰ, ਵਾਰਡ ਨੰ. 49",Lost in 2024 (to BJP),677,AAP,173,341,50.37,168,24.82,109,16.1,21,3.1,581,BJP,69,143,24.61,127,21.86,212,36.49,85,14.63,-198,-25.76,-2.96,33.39,-1.47,-96,-14.18
31,"Chowk Bazar Lachhmansar, Nagar Nigam Amritsar, Ward No. 46 + Gali Gujjran Wali, Nagar Nigam Amritsar, Ward No. 46 + Gali Hansli Wali Kucha Harnam Das, Nagar Nigam Amritsar, Ward No. 46 + Kucha Deen (Neel Wali Gali), Nagar Nigam Amritsar, Ward No. 46 + Kucha Maape Shah Gali Hansli, Nagar Nigam Amritsar, Ward No. 46 + Kucha Deen Ghumiar, Nagar Nigam Amritsar, Ward No. 46 + Kucha Roadways Gali Hansli Wali, Nagar Nigam Amritsar, Ward No. 46 + Bazar Baba Sahib, Nagar Nigam Amritsar, Ward No. 46 + Gali Hansli Wali, Nagar Nigam Amritsar, Ward No. 46 + Gali Budha Singh, Nagar Nigam Amritsar, Ward No. 46","ਚੌਕ ਬਜ਼ਾਰ ਲਛਮਣਸਰ, ਨਗਰ ਨਿਗਮ ਅੰਮ੍ਰਿਤਸਰ, ਵਾਰਡ ਨੰ. 46 + ਗਲੀ ਗੁੱਜਰਾਂ ਵਾਲੀ, ਨਗਰ ਨਿਗਮ ਅੰਮ੍ਰਿਤਸਰ, ਵਾਰਡ ਨੰ. 46 + ਗਲੀ ਹੰਸਲੀ ਵਾਲੀ ਕੁਚਾ ਹਰਨਾਮ ਦਾਸ, ਨਗਰ ਨਿਗਮ ਅੰਮ੍ਰਿਤਸਰ, ਵਾਰਡ ਨੰ. 46 + ਕੁਚਾ ਦੀਨ (ਨੀਲ ਵਾਲੀ ਗਲੀ), ਨਗਰ ਨਿਗਮ ਅੰਮ੍ਰਿਤਸਰ, ਵਾਰਡ ਨੰ. 46 + ਕੁਚਾ ਮਾਪੇ ਸ਼ਾਹ ਗਲੀ ਹੰਸਲੀ, ਨਗਰ ਨਿਗਮ ਅੰਮ੍ਰਿਤਸਰ, ਵਾਰਡ ਨੰ. 46 + ਕੁਚਾ ਦੀਨ ਘੁਮਿਆਰ, ਨਗਰ ਨਿਗਮ ਅੰਮ੍ਰਿਤਸਰ, ਵਾਰਡ ਨੰ. 46 + ਕੁਚਾ ਰੋਡਵੈਂਸ ਗਲੀ ਹੰਸਲੀ ਵਾਲੀ, ਨਗਰ ਨਿਗਮ ਅੰਮ੍ਰਿਤਸਰ, ਵਾਰਡ ਨੰ. 46 + ਬਾਜ਼ਾਰ ਬਾਬਾ ਸਾਹਿਬ, ਨਗਰ ਨਿਗਮ ਅੰਮ੍ਰਿਤਸਰ, ਵਾਰਡ ਨੰ. 46 + ਗਲੀ ਹੰਸਲੀ ਵਾਲੀ, ਨਗਰ ਨਿਗਮ ਅੰਮ੍ਰਿਤਸਰ, ਵਾਰਡ ਨੰ. 46 + ਗਲੀ ਬੁੱਢਾ ਸਿੰਘ, ਨਗਰ ਨਿਗਮ ਅੰਮ੍ਰਿਤਸਰ, ਵਾਰਡ ਨੰ. 46",Lost in 2024 (to BJP),456,AAP,167,258,56.58,91,19.96,74,16.23,23,5.04,429,BJP,92,114,26.57,80,18.65,206,48.02,24,5.59,-144,-30.01,-1.31,42.98,-10.64,-27,-5.92
32,"Gali Suniarian, Nagar Nigam Amritsar, Ward No. 49 + Gali Beri Wali Katra Mit Singh, Nagar Nigam Amritsar, Ward No. 49 + Katra Dal Singh Bucha Kalian, Nagar Nigam Amritsar, Ward No. 49 + Meti Bazar Katra Mit Singh, Nagar Nigam Amritsar, Ward No. 49 + Katra Dal Singh Bucha Putap Singh, Nagar Nigam Amritsar, Ward No. 49 + Gali Makhaiyan Meti Bazar Katra Mit Singh, Nagar Nigam Amritsar, Ward No. 49 + Bazar Katra Mit Singh Bucha Balwant Singh, Nagar Nigam Amritsar, Ward No. 49 + Katra Mit Singh Pethe Wala Bazar, Nagar Nigam Amritsar, Ward No. 49 + Bazar Pethe Wala Katra Mit Singh, Nagar Nigam Amritsar, Ward No. 49 + Gali Ruda Mal Bhatia Meti Bazar, Nagar Nigam Amritsar, Ward No. 49 + Bazar Katra Mit Singh Gali Tara Chand, Nagar Nigam Amritsar, Ward No. 49 + Gali Bura Attar Meti Bazar, Nagar Nigam Amritsar, Ward No. 49 + Katra Mit Singh Gali Charan Singh, Nagar Nigam Amritsar, Ward No. 49 + Gali Sukha Thanedar Meti Bazar, Nagar Nigam Amritsar, Ward No. 49 + Gali Nikka Meti Bazar, Nagar Nigam Amritsar, Ward No. 49","ਗਲੀ ਸੁਨਿਆਰਿਆਂ, ਨਗਰ ਨਿਗਮ ਅੰਮ੍ਰਿਤਸਰ, ਵਾਰਡ ਨੰ. 49 + ਗਲੀ ਬੇਰੀ ਵਾਲੀ ਕਟੜਾ ਮਿੱਤ ਸਿੰਘ, ਨਗਰ ਨਿਗਮ ਅੰਮ੍ਰਿਤਸਰ, ਵਾਰਡ ਨੰ. 49 + ਕਟੜਾ ਦੱਲ ਸਿੰਘ ਬੂਚਾ ਕਾਲੀਆਂ, ਨਗਰ ਨਿਗਮ ਅੰਮ੍ਰਿਤਸਰ, ਵਾਰਡ ਨੰ.49 + ਮੇਤੀ ਬਾਜ਼ਾਰ ਕਟੜਾ ਮਿੱਤ ਸਿੰਘ, ਨਗਰ ਨਿਗਮ ਅੰਮ੍ਰਿਤਸਰ, ਵਾਰਡ ਨੰ. 49 + ਕਟੜਾ ਦੱਲ ਸਿੰਘ ਬੂਚਾ ਪੁਤਾਪ ਸਿੰਘ, ਨਗਰ ਨਿਗਮ ਅੰਮ੍ਰਿਤਸਰ, ਵਾਰਡ ਨੰ. 49 + ਗਲੀ ਮਖਾਇਆਂ ਮੇਤੀ ਬਾਜ਼ਾਰ ਕਟੜਾ ਮਿੱਤ ਸਿੰਘ, ਨਗਰ ਨਿਗਮ ਅੰਮ੍ਰਿਤਸਰ, ਵਾਰਡ ਨੰ. 49 + ਬਾਜ਼ਾਰ ਕਟੜਾ ਮਿੱਤ ਸਿੰਘ ਬੂਚਾ ਬਲਵੰਤ ਸਿੰਘ, ਨਗਰ ਨਿਗਮ ਅੰਮ੍ਰਿਤਸਰ, ਵਾਰਡ ਨੰ. 49 + ਕਟੜਾ ਮਿੱਤ ਸਿੰਘ ਪੇਠੇ ਵਾਲਾ ਬਾਜ਼ਾਰ, ਨਗਰ ਨਿਗਮ ਅੰਮ੍ਰਿਤਸਰ, ਵਾਰਡ ਨੰ. 49 + ਬਾਜ਼ਾਰ ਪੇਠੇ ਵਾਲਾ ਕਟੜਾ ਮਿੱਤ ਸਿੰਘ, ਨਗਰ ਨਿਗਮ ਅੰਮ੍ਰਿਤਸਰ, ਵਾਰਡ ਨੰ. 49 + ਗਲੀ ਰੂੜਾ ਮੱਲ ਭਾਟੀਆ ਮੇਤੀ ਬਾਜ਼ਾਰ, ਨਗਰ ਨਿਗਮ ਅੰਮ੍ਰਿਤਸਰ, ਵਾਰਡ ਨੰ.49 + ਬਾਜ਼ਾਰ ਕਟੜਾ ਮਿੱਤ ਸਿੰਘ ਗਲੀ ਤਾਰਾ ਚੰਦ, ਨਗਰ ਨਿਗਮ ਅੰਮ੍ਰਿਤਸਰ, ਵਾਰਡ ਨੰ. 49 + ਗਲੀ ਬੂੜਾ ਅੱਤਰ ਮੇਤੀ ਬਾਜ਼ਾਰ, ਨਗਰ ਨਿਗਮ ਅੰਮ੍ਰਿਤਸਰ, ਵਾਰਡ ਨੰ. 49 + ਕਟੜਾ ਮਿੱਤ ਸਿੰਘ ਗਲੀ ਚਰਨ ਸਿੰਘ, ਨਗਰ ਨਿਗਮ ਅੰਮ੍ਰਿਤਸਰ, ਵਾਰਡ ਨੰ. 49 + ਗਲੀ ਸੁੱਖਾ ਠਾਣੇਦਾਰ ਮੇਤੀ ਬਾਜ਼ਾਰ, ਨਗਰ ਨਿਗਮ ਅੰਮ੍ਰਿਤਸਰ, ਵਾਰਡ ਨੰ. 49 + ਗਲੀ ਨਿੱਕਾ ਮੇਤੀ ਬਾਜ਼ਾਰ, ਨਗਰ ਨਿਗਮ ਅੰਮ੍ਰਿਤਸਰ, ਵਾਰਡ ਨੰ. 49",Lost in 2024 (to BJP),574,AAP,213,328,57.14,115,20.03,89,15.51,26,4.53,449,BJP,107,115,25.61,69,15.37,222,49.44,36,8.02,-213,-31.53,-4.66,44.91,-7.49,-125,-21.78
33,"Gali Gujjran Wali, Nagar Nigam Amritsar Ward No. 46 + Gali Sangal Wali Nagar Nigam Amritsar, Ward No. 46 + Baba Sahib Chowk Gali Gujjran, Nagar Nigam Amritsar, Ward No. 46 + Gali Gujjran (Gali Jiwan Singh), Nagar Nigam Amritsar Ward No. 46 + Lakkad Mandi Dhab Basti Ram, Nagar Nigam Amritsar, Ward No. 46 + Kucha Dharname Shah, Nagar Nigam Amritsar, Ward No. 46 + Gali Bagh Wali (Kaka Singh), Nagar Nigam Amritsar, Ward No. 46 + Ram Vehra, Nagar Nigam Amritsar Ward No. 46","ਗਲੀ ਗุੱਜਰਾਂ ਵਾਲੀ, ਨਗਰ ਨਿਗਮ ਅੰਮ੍ਰਿਤਸਰ ਵਾਰਡ ਨੰ. 46 + ਗਲੀ ਸੰਗਲ ਵਾਲੀ ਨਗਰ ਨਿਗਮ ਅੰਮ੍ਰਿਤਸਰ, ਵਾਰਡ ਨੰ. 46 + ਬਾਬਾ ਸਾਹਿਬ ਚੌਕ ਗਲੀ ਗੁੱਜਰਾਂ, ਨਗਰ ਨਿਗਮ ਅੰਮ੍ਰਿਤਸਰ, ਵਾਰਡ ਨੰ. 46 + ਗਲੀ ਗੁੱਜਰਾਂ (ਗਲੀ ਜੀਵਨ ਸਿੰਘ), ਨਗਰ ਨਿਗਮ ਅੰਮ੍ਰਿਤਸਰ ਵਾਰਡ ਨੰ. 46 + ਲੱਕੜ ਮੰਡੀ ਢਾਬ ਬਸਤੀ ਰਾਮ, ਨਗਰ ਨਿਗਮ ਅੰਮ੍ਰਿਤਸਰ, ਵਾਰਡ ਨੰ. 46 + ਕੂਚਾ ਧਰਨਾਮੇ ਸ਼ਾਹ, ਨਗਰ ਨਿਗਮ ਅੰਮ੍ਰਿਤਸਰ, ਵਾਰਡ ਨੰ. 46 + ਗਲੀ ਬਾਗ ਵਾਲੀ (ਕਾਕਾ ਸਿੰਘ), ਨਗਰ ਨਿਗਮ ਅੰਮ੍ਰਿਤਸਰ, ਵਾਰਡ ਨੰ. 46 + ਰਾਮ ਵੇਹੜਾ, ਨਗਰ ਨਿਗਮ ਅੰਮ੍ਰਿਤਸਰ ਵਾਰਡ ਨੰ 46",Won Both Times (Stronghold),427,AAP,153,255,59.72,52,12.18,102,23.89,2,0.47,374,AAP,18,130,34.76,72,19.25,112,29.95,43,11.5,-125,-24.96,7.07,29.48,-12.39,-53,-12.41
34,"Chawal Mandi Nagar Nigam Amritsar Ward No. 49 + Bazar Chatti Khuhi, Nagar Nigam Amritsar Ward No. 49 + Gali Mana Wali, Nagar Nigam Amritsar Ward No. 49 + Kucha Hari Ram Bazar Chatti Khuhi, Nagar Nigam Amritsar, Ward No. 49 + Bazar Chatti Khuhi Kucha Hari Dhobian, Nagar Nigam Amritsar, Ward No. 49 + Gali Khooh Wali Katra Dal Singh, Gali Arak Wali, Nagar Nigam Amritsar Ward No. 49 + Katra Dal Singh Arak Wali Gali Nagpal, Nagar Nigam Amritsar, Ward No. 49 + Gali Nagpal, Nagar Nigam Amritsar Ward No. 49 + Gali Arak Wali, Nagar Nigam Amritsar Ward No. 49 + Atta Mandi Chowk Chatti Khuhi Vehra Akalian, Nagar Nigam Amritsar, Ward No. 49 + Gali Chaudhrian Atta Mandi, Nagar Nigam Amritsar Ward No. 49 + Gali Dindi Mall, Nagar Nigam Amritsar Ward No. 49 + Gali Hansli, Nagar Nigam Amritsar Ward No. 49 + Gali Atta Mandi Dera Baba Sham Singh, Nagar Nigam Amritsar Ward No. 49","ਚਾਵਲ ਮੰਡੀ ਨਗਰ ਨਿਗਮ ਅੰਮ੍ਰਿਤਸਰ ਵਾਰਡ ਨੰ.49 + ਬਜ਼ਾਰ ਛੱਤੀ ਖੂਹੀ, ਨਗਰ ਨਿਗਮ ਅੰਮ੍ਰਿਤਸਰ ਵਾਰਡ ਨੰ.49 + ਗਲੀ ਮਾਨਾਂ ਵਾਲੀ, ਨਗਰ ਨਿਗਮ ਅੰਮ੍ਰਿਤਸਰ ਵਾਰਡ ਨੰ.49 + ਕੂਚਾ ਹਰੀ ਰਾਮ ਬਾਜ਼ਾਰ ਛੱਤੀ ਖੂਹੀ, ਨਗਰ ਨਿਗਮ ਅੰਮ੍ਰਿਤਸਰ, ਵਾਰਡ ਨੰ.49 + ਬਜ਼ਾਰ ਛੱਤੀ ਖੂਹੀ ਕੂਚਾ ਹਰੀ ਧੋਬੀਆਂ, ਨਗਰ ਨਿਗਮ ਅੰਮ੍ਰਿਤਸਰ, ਵਾਰਡ ਨੰ.49 + ਗਲੀ ਖੂਹ ਵਾਲੀ ਕਟੜਾ ਦਲ ਸਿੰਘ, ਗਲੀ ਅਰਕ ਵਾਲੀ, ਨਗਰ ਨਿਗਮ ਅੰਮ੍ਰਿਤਸਰ ਵਾਰਡ ਨੰ.49 + ਕਟੜਾ ਦਲ ਸਿੰਘ ਅਰਕ ਵਾਲੀ ਗਲੀ ਨਾਗਪਾਲ, ਨਗਰ ਨਿਗਮ ਅੰਮ੍ਰਿਤਸਰ, ਵਾਰਡ ਨੰ. 49 + ਗਲੀ ਨਾਗਪਾਲ, ਨਗਰ ਨਿਗਮ ਅੰਮ੍ਰਿਤਸਰ ਵਾਰਡ ਨੰ.49 + ਗਲੀ ਅਰਕ ਵਾਲੀ, ਨਗਰ ਨਿਗਮ ਅੰਮ੍ਰਿਤਸਰ ਵਾਰਡ ਨੰ.49 + ਆਟਾ ਮੰਡੀ ਚੌਕ ਛੱਤੀ ਖੂਹੀ ਵੇਹੜਾ ਅਕਾਲੀਆਂ, ਨਗਰ ਨਿਗਮ ਅੰਮ੍ਰਿਤਸਰ, ਵਾਰਡ ਨੰ.49 + ਗਲੀ ਚੌਧਰੀਆਂ ਆਟਾ ਮੰਡੀ, ਨਗਰ ਨਿਗਮ ਅੰਮ੍ਰਿਤਸਰ ਵਾਰਡ ਨੰ.49 + ਗਲੀ ਡਿੰਡੀ ਮੱਲ, ਨਗਰ ਨਿਗਮ ਅੰਮ੍ਰਿਤਸਰ ਵਾਰਡ ਨੰ.49 + ਗਲੀ ਹੰਸਲੀ, ਨਗਰ ਨਿਗਮ ਅੰਮ੍ਰਿਤਸਰ ਵਾਰਡ ਨੰ.49 + ਗਲੀ ਆਟਾ ਮੰਡੀ ਡੇਰਾ ਬਾਬਾ ਸ਼ਾਮ ਸਿੰਘ, ਨਗਰ ਨਿਗਮ ਅੰਮ੍ਰਿਤਸਰ ਵਾਰਡ ਨੰ.49",Lost in 2024 (to BJP),573,AAP,214,330,57.59,116,20.24,108,18.85,10,1.75,475,BJP,54,138,29.05,115,24.21,192,40.42,22,4.63,-192,-28.54,3.97,38.67,-14.22,-98,-17.1
35,"Guru Ramdas Nagar Gali No. 1 Bhagtanwala Nagar Nigam Amritsar Ward No. 50 + S.D. School Amritsar, Nagar Nigam Amritsar Ward No. 50 + Thatheri Mohalla Bhagtanwala, Nagar Nigam Amritsar Ward No. 50","ਗੁਰੂ ਰਾਮਦਾਸ ਨਗਰ ਗਲੀ ਨੰ.1 ਭਗਤਾਂਵਾਲਾ ਨਗਰ ਨਿਗਮ ਅੰਮ੍ਰਿਤਸਰ ਵਾਰਡ ਨੰ. 50 + ਐਸ.ਡੀ. ਸਕੂਲ ਅੰਮ੍ਰਿਤਸਰ, ਨਗਰ ਨਿਗਮ ਅੰਮ੍ਰਿਤਸਰ ਵਾਰਡ ਨੰ. 50 + ਠਠੇਰੀ ਮੁਹੱਲਾ ਭਗਤਾਂਵਾਲਾ, ਨਗਰ ਨਿਗਮ ਅੰਮ੍ਰਿਤਸਰ ਵਾਰਡ ਨੰ. 50",Lost Both Times (Deficit),731,SAD,124,202,27.63,180,24.62,326,44.6,9,1.23,646,INC,38,160,24.77,198,30.65,142,21.98,73,11.3,-42,-2.86,6.03,20.75,-33.3,-85,-11.63
36,"Anusuchit Jati Colony, Bhagtanwala Nagar Nigam Amritsar Ward No. 50 + Gurudware Wali Gali Main Road, Nagar Nigam Amritsar Ward No. 50 + Mohan Flour Mills, Nagar Nigam Amritsar Ward No. 50 + Guru Nanak Chips, Nagar Nigam Amritsar Ward No. 50 + Anusuchit Jati Colony, Main Gali, Nagar Nigam Amritsar Ward No. 50 + Balmik Mandir Bhagtanwala, Nagar Nigam Amritsar Ward No. 50","ਅਨੁਸੂਚਿਤ ਜਾਤੀ ਕਲੋਨੀ, ਭਗਤਾਂਵਾਲਾ ਨਗਰ ਨਿਗਮ ਅੰਮ੍ਰਿਤਸਰ ਵਾਰਡ ਨੰ. 50 + ਗੁਰਦੁਆਰੇ ਵਾਲੀ ਗਲੀ ਮੇਨ ਰੋਡ, ਨਗਰ ਨਿਗਮ ਅੰਮ੍ਰਿਤਸਰ ਵਾਰਡ ਨੰ. 50 + ਮੋਹਣ ਫਲੋਰ ਮਿਲਜ਼, ਨਗਰ ਨਿਗਮ ਅੰਮ੍ਰਿਤਸਰ ਵਾਰਡ ਨੰ. 50 + ਗੁਰੂ ਨਾਨਕ ਚਿਪਸ, ਨਗਰ ਨਿਗਮ ਅੰਮ੍ਰਿਤਸਰ ਵਾਰਡ ਨੰ. 50 + ਅਨੁਸੂਚਿਤ ਜਾਤੀ ਕਲੋਨੀ, ਮੇਨ ਗਲੀ, ਨਗਰ ਨਿਗਮ ਅੰਮ੍ਰਿਤਸਰ ਵਾਰਡ ਨੰ. 50 + ਬਾਲਮੀਕ ਮੰਦਿਰ ਭਗਤਾਂਵਾਲਾ, ਨਗਰ ਨਿਗਮ ਅੰਮ੍ਰਿਤਸਰ ਵਾਰਡ ਨੰ. 50",Weak Booth (< 20% Share),675,INC,6,192,28.44,235,34.81,229,33.93,4,0.59,487,INC,171,82,16.84,253,51.95,57,11.7,35,7.19,-110,-11.6,17.14,11.11,-26.74,-188,-27.85
37,"Gali Basant Singh Chowk Karedi, Nagar Nigam Amritsar Ward No. 46 + Gali Visakha Singh, Nagar Nigam Amritsar, Ward No. 46 + Gali Karam Singh, Nagar Nigam Amritsar, Ward No. 46 + Gali Mian Singh, Chowk Karedi to Gali Mona Singh, Nagar Nigam Amritsar, Ward No. 46 + Chowk Karedi Gali Mona Singh, Nagar Nigam Amritsar, Ward No. 46 + Gali Sarmukh Singh, Chowk Karedi Nagar Nigam Amritsar Ward No. 46","ਗਲੀ ਬਸੰਤ ਸਿੰਘ ਚੌਕ ਕਰੇੜੀ, ਨਗਰ ਨਿਗਮ ਅੰਮ੍ਰਿਤਸਰ ਵਾਰਡ ਨੰ. 46 + ਗਲੀ ਵਿਸਾਖਾ ਸਿੰਘ, ਨਗਰ ਨਿਗਮ ਅੰਮ੍ਰਿਤਸਰ, ਵਾਰਡ ਨੰ. 46 + ਗਲੀ ਕਰਮ ਸਿੰਘ, ਨਗਰ ਨਿਗਮ ਅੰਮ੍ਰਿਤਸਰ, ਵਾਰਡ ਨੰ. 46 + ਗਲੀ ਮੀਆਂ ਸਿੰਘ, ਚੌਕ ਕਰੇੜੀ ਤੋਂ ਗਲੀ ਮੋਨਾ ਸਿੰਘ, ਨਗਰ ਨਿਗਮ ਅੰਮ੍ਰਿਤਸਰ, ਵਾਰਡ ਨੰ. 46 + ਚੌਕ ਕਰੇੜੀ ਗਲੀ ਮੋਨਾ ਸਿੰਘ, ਨਗਰ ਨਿਗਮ ਅੰਮ੍ਰਿਤਸਰ, ਵਾਰਡ ਨੰ. 46 + ਗਲੀ ਸਰਮੁੱਖ ਸਿੰਘ, ਚੌਕ ਕਰੇੜੀ ਨਗਰ ਨਿਗਮ ਅੰਮ੍ਰਿਤਸਰ ਵਾਰਡ ਨੰ. 46",Won Both Times (Stronghold),339,AAP,102,186,54.87,51,15.04,84,24.78,5,1.47,269,AAP,29,94,34.94,65,24.16,58,21.56,26,9.67,-92,-19.93,9.12,20.09,-15.11,-70,-20.65
38,"Kucha Ramgarhian Chowk Baba Bohri Wala, Nagar Nigam Amritsar, Ward No. 46 + Gali Mai Mohno Baba Bohri Wala, Nagar Nigam Amritsar, Ward No. 46 + Main Bazar Chowk Baba Bohri Wala, Nagar Nigam Amritsar Ward No. 46 + Gali Masit Wali Chowk Baba Bohri Wala, Nagar Nigam Amritsar, Ward No. 46 + Gali Uttamgarh Main Bazar Chowk Baba Bohri Wala, Nagar Nigam Amritsar, Ward No. 46 + Akaliyan De Quarter, Nagar Nigam Amritsar Ward No. 46 + Jhaunti Nihang Singh Main Bazar Chowk Baba Bohri Wala, Nagar Nigam Amritsar Ward No. 46 + Gali Phat Wali Main Bazar Chowk Baba Bohri Wala, Nagar Nigam Amritsar, Ward No. 46","ਕੂਚਾ ਰਾਮਗੜ੍ਹੀਆਂ ਚੌਕ ਬਾਬਾ ਬੋਹੜੀ ਵਾਲਾ, ਨਗਰ ਨਿਗਮ ਅੰਮ੍ਰਿਤਸਰ, ਵਾਰਡ ਨੰ. 46 + ਗਲੀ ਮਾਈ ਮੋਹਨੋ ਬਾਬਾ ਬੋਹੜੀ ਵਾਲਾ, ਨਗਰ ਨਿਗਮ ਅੰਮ੍ਰਿਤਸਰ, ਵਾਰਡ ਨੰ. 46 + ਮੇਨ ਬਜ਼ਾਰ ਚੌਕ ਬਾਬਾ ਬੋਹੜੀ ਵਾਲਾ, ਨਗਰ ਨਿਗਮ ਅੰਮ੍ਰਿਤਸਰ ਵਾਰਡ ਨੰ. 46 + ਗਲੀ ਮਸੀਤ ਵਾਲੀ ਚੌਕ ਬਾਬਾ ਬੋਹੜੀ ਵਾਲਾ, ਨਗਰ ਨਿਗਮ ਅੰਮ੍ਰਿਤਸਰ, ਵਾਰਡ ਨੰ. 46 + ਗਲੀ ਉੱਤਮਗੜ੍ਹ ਮੇਨ ਬਜ਼ਾਰ ਚੌਕ ਬਾਬਾ ਬੋਹੜੀ ਵਾਲਾ, ਨਗਰ ਨਿਗਮ ਅੰਮ੍ਰਿਤਸਰ, ਵਾਰਡ ਨੰ. 46 + ਅਕਾਲੀਆਂ ਦੇ ਕਵਾਟਰ, ਨਗਰ ਨਿਗਮ ਅੰਮ੍ਰਿਤਸਰ ਵਾਰਡ ਨੰ. 46 + ਝਾਉਟੀ ਨਿਹੰਗ ਸਿੰਘ ਮੇਨ ਬਜ਼ਾਰ ਚੌਕ ਬਾਬਾ ਬੋਹੜੀ ਵਾਲਾ, ਨਗਰ ਨਿਗਮ ਅੰਮ੍ਰਿਤਸਰ ਵਾਰਡ ਨੰ. 46 + ਗਲੀ ਫੱਟ ਵਾਲੀ ਮੇਨ ਬਜ਼ਾਰ ਚੌਕ ਬਾਬਾ ਬੋਹੜੀ ਵਾਲਾ, ਨਗਰ ਨਿਗਮ ਅੰਮ੍ਰਿਤਸਰ, ਵਾਰਡ ਨੰ. 46",Won Both Times (Stronghold),489,AAP,101,245,50.1,88,18.0,144,29.45,5,1.02,394,AAP,3,128,32.49,75,19.04,125,31.73,54,13.71,-117,-17.61,1.04,30.71,-15.74,-95,-19.43
39,"Kishangarh, Nagar Nigam Amritsar Ward No. 46 + Gali Baba Deep Singh, Nagar Nigam Amritsar Ward No. 46 + Gali Variyam Singh Wali, Nagar Nigam Amritsar Ward No. 46 + Gali Ishar Singh, Nagar Nigam Amritsar, Ward No. 46 + Chowk Koreri, Nagar Nigam Amritsar Ward No. 46 + Chowk Manna Singh Main Road, Nagar Nigam Amritsar Ward No. 46 + Gali Dasodha Singh, Nagar Nigam Amritsar Ward No. 46 + Gali Budha Beant Singh, Nagar Nigam Amritsar Ward No. 46 + Gali Captain Piara Singh Shaheed, Nagar Nigam Amritsar Ward No. 46 + Gali Mehtab, Nagar Nigam Amritsar, Ward No. 46 + Gali Jawala Singh, Nagar Nigam Amritsar Ward No. 46 + Gali Koreri, Nagar Nigam Amritsar, Ward No. 46 + Gurdwara Ramsar Printing Press Quarter, Nagar Nigam Amritsar, Ward No. 46 + Gurdwara Bibeksar Road Quarters, Nagar Nigam Amritsar, Ward No. 46 + Guru Teg Bahadur Avenue, Nagar Nigam Amritsar, Ward No. 46","ਕਿਸ਼ਨਗੜ੍ਹ, ਨਗਰ ਨਿਗਮ ਅੰਮ੍ਰਿਤਸਰ ਵਾਰਡ ਨੰ. 46 + ਗਲੀ ਬਾਬਾ ਦੀਪ ਸਿੰਘ, ਨਗਰ ਨਿਗਮ ਅੰਮ੍ਰਿਤਸਰ ਵਾਰਡ ਨੰ. 46 + ਗਲੀ ਵਰਿਆਮ ਸਿੰਘ ਵਾਲੀ, ਨਗਰ ਨਿਗਮ ਅੰਮ੍ਰਿਤਸਰ ਵਾਰਡ ਨੰ. 46 + ਗਲੀ ਈਸ਼ਰ ਸਿੰਘ, ਨਗਰ ਨਿਗਮ ਅੰਮ੍ਰਿਤਸਰ, ਵਾਰਡ ਨੰ. 46 + ਚੌਕ ਕੋਰੇੜੀ, ਨਗਰ ਨਿਗਮ ਅੰਮ੍ਰਿਤਸਰ ਵਾਰਡ ਨੰ. 46 + ਚੌਕ ਮੰਨਾ ਸਿੰਘ ਮੇਨ ਰੋਡ, ਨਗਰ ਨਿਗਮ ਅੰਮ੍ਰਿਤਸਰ ਵਾਰਡ ਨੰ. 46 + ਗਲੀ ਦਸੌਧਾ ਸਿੰਘ, ਨਗਰ ਨਿਗਮ ਅੰਮ੍ਰਿਤਸਰ ਵਾਰਡ ਨੰ. 46 + ਗਲੀ ਬੂਢਾ ਬੇਅੰਤ ਸਿੰਘ, ਨਗਰ ਨਿਗਮ ਅੰਮ੍ਰਿਤਸਰ ਵਾਰਡ ਨੰ. 46 + ਗਲੀ ਕੈਪਟਨ ਪਿਆਰਾ ਸਿੰਘ ਸ਼ਹੀਦ, ਨਗਰ ਨਿਗਮ ਅੰਮ੍ਰਿਤਸਰ ਵਾਰਡ ਨੰ. 46 + ਗਲੀ ਮਹਿਤਾਬ, ਨਗਰ ਨਿਗਮ ਅੰਮ੍ਰਿਤਸਰ, ਵਾਰਡ ਨੰ. 46 + ਗਲੀ ਜਵਾਲਾ ਸਿੰਘ, ਨਗਰ ਨਿਗਮ ਅੰਮ੍ਰਿਤਸਰ ਵਾਰਡ ਨੰ. 46 + ਗਲੀ ਕੋਰੇੜੀ, ਨਗਰ ਨਿਗਮ ਅੰਮ੍ਰਿਤਸਰ, ਵਾਰਡ ਨੰ. 46 + ਗੁਰਦੁਆਰਾ ਰਾਮਸਰ ਪ੍ਰਿੰਟਿੰਗ ਪ੍ਰੈਸ ਕੁਆਟਰ, ਨਗਰ ਨਿਗਮ ਅੰਮ੍ਰਿਤਸਰ, ਵਾਰਡ ਨੰ. 46 + ਗੁਰਦੁਆਰਾ ਬਿਬੇਕਸਰ ਰੋਡ ਕੁਆਟਰਜ਼, ਨਗਰ ਨਿਗਮ ਅੰਮ੍ਰਿਤਸਰ, ਵਾਰਡ ਨੰ. 46 + ਗੁਰੂ ਤੇਗ ਬਹਾਦਰ ਐਵੀਨਿਊ, ਨਗਰ ਨਿਗਮ ਅੰਮ੍ਰਿਤਸਰ, ਵਾਰਡ ਨੰ. 46",Won Both Times (Stronghold),573,AAP,204,331,57.77,80,13.96,127,22.16,18,3.14,363,AAP,36,118,32.51,82,22.59,72,19.83,81,22.31,-213,-25.26,8.63,16.69,0.15,-210,-36.65
40,"Gali Lachhi Wali S-16, Nagar Nigam Amritsar, Ward No. 46 + Haveli Kohlu Wali, Nagar Nigam Amritsar, Ward No. 46 + Gali Darjian Wali, Nagar Nigam Amritsar, Ward No. 46 + Gali Heera Chopri Wali, Nagar Nigam Amritsar, Ward No. 46 + Chowk Kareri, Nagar Nigam Amritsar, Ward No. 46 + Gali Nihal Singh (Chowk Kareri), Nagar Nigam Amritsar, Ward No. 46 + Gali Atar Singh, Nagar Nigam Amritsar, Ward No. 46 + Gali Gopal Singh Wali, Nagar Nigam Amritsar, Ward No. 46 + Gali Lal Singh Wali, Nagar Nigam Amritsar, Ward No. 46 + Gali Mai Wali, Nagar Nigam Amritsar, Ward No. 46 + Gali Nihal Singh Khooh Wali, Nagar Nigam Amritsar, Ward No. 46 + Chowk Moni Haveli Rai Sahib, Nagar Nigam Amritsar, Ward No. 46 + Gali Varpalian, Nagar Nigam Amritsar, Ward No. 46 + Gali Sanpan Wali, Nagar Nigam Amritsar, Ward No. 46 + Chowk Moni Vehra, Nagar Nigam Amritsar, Ward No. 46 + Chowk Moni Atma Ram, Nagar Nigam Amritsar, Ward No. 46 + Gali Jassa Singh, Nagar Nigam Amritsar, Ward No. 46 + Chowk Moni, Nagar Nigam Amritsar, Ward No. 46 + Ramsar Road, Nagar Nigam Amritsar Ward No. 46 + Ramsar Road Chowk Kareri, Nagar Nigam Amritsar Ward No. 46 + Gali Jawahar Singh Chowk Kareri Nagar Nigam Amritsar Ward No. 46 + Bazar Chowk Kareri Moni, Nagar Nigam Amritsar Ward No. 46","ਗਲੀ ਲੱਛੀ ਵਾਲੀ ਐਸ-16, ਨਗਰ ਨਿਗਮ ਅੰਮ੍ਰਿਤਸਰ, ਵਾਰਡ ਨੰ. 46 + ਹਵੇਲੀ ਕੋਹਲੂ ਵਾਲੀ, ਨਗਰ ਨਿਗਮ ਅੰਮ੍ਰਿਤਸਰ, ਵਾਰਡ ਨੰ. 46 + ਗਲੀ ਦਰਜੀਆਂ ਵਾਲੀ, ਨਗਰ ਨਿਗਮ ਅੰਮ੍ਰਿਤਸਰ, ਵਾਰਡ ਨੰ. 46 + ਗਲੀ ਹੀਰਾ ਚੌਪੜੀ ਵਾਲੀ, ਨਗਰ ਨਿਗਮ ਅੰਮ੍ਰਿਤਸਰ, ਵਾਰਡ ਨੰ.46 + ਚੌਕ ਕਰੇੜੀ, ਨਗਰ ਨਿਗਮ ਅੰਮ੍ਰਿਤਸਰ, ਵਾਰਡ ਨੰ. 46 + ਗਲੀ ਨਿਹਾਲ ਸਿੰਘ (ਚੌਕ ਕਰੇੜੀ), ਨਗਰ ਨਿਗਮ ਅੰਮ੍ਰਿਤਸਰ, ਵਾਰਡ ਨੰ. 46 + ਗਲੀ ਅਤਰ ਸਿੰਘ, ਨਗਰ ਨਿਗਮ ਅੰਮ੍ਰਿਤਸਰ, ਵਾਰਡ ਨੰ.46 + ਗਲੀ ਗੋਪਾਲ ਸਿੰਘ ਵਾਲੀ, ਨਗਰ ਨਿਗਮ ਅੰਮ੍ਰਿਤਸਰ, ਵਾਰਡ ਨੰ. 46 + ਗਲੀ ਲਾਲ ਸਿੰਘ ਵਾਲੀ, ਨਗਰ ਨਿਗਮ ਅੰਮ੍ਰਿਤਸਰ, ਵਾਰਡ ਨੰ. 46 + ਗਲੀ ਮਾਈ ਵਾਲੀ, ਨਗਰ ਨਿਗਮ ਅੰਮ੍ਰਿਤਸਰ, ਵਾਰਡ ਨੰ.46 + ਗਲੀ ਨਿਹਾਲ ਸਿੰਘ ਖੂਹ ਵਾਲੀ, ਨਗਰ ਨਿਗਮ ਅੰਮ੍ਰਿਤਸਰ, ਵਾਰਡ ਨੰ. 46 + ਚੌਕ ਮੋਨੀ ਹਵੇਲੀ ਰਾਏ ਸਾਹਿਬ, ਨਗਰ ਨਿਗਮ ਅੰਮ੍ਰਿਤਸਰ, ਵਾਰਡ ਨੰ. 46 + ਗਲੀ ਵਰਪਾਲੀਆਂ, ਨਗਰ ਨਿਗਮ ਅੰਮ੍ਰਿਤਸਰ, ਵਾਰਡ ਨੰ. 46 + ਗਲੀ ਸਾਂਪਾਂ ਵਾਲੀ, ਨਗਰ ਨਿਗਮ ਅੰਮ੍ਰਿਤਸਰ, ਵਾਰਡ ਨੰ. 46 + ਚੌਕ ਮੋਨੀ ਵਿਹੜਾ, ਨਗਰ ਨਿਗਮ ਅੰਮ੍ਰਿਤਸਰ, ਵਾਰਡ ਨੰ. 46 + ਚੌਕ ਮੋਨੀ ਆਤਮਾ ਰਾਮ, ਨਗਰ ਨਿਗਮ ਅੰਮ੍ਰਿਤਸਰ, ਵਾਰਡ ਨੰ. 46 + ਗਲੀ ਜੱਸਾ ਸਿੰਘ, ਨਗਰ ਨਿਗਮ ਅੰਮ੍ਰਿਤਸਰ, ਵਾਰਡ ਨੰ. 46 + ਚੌਕ ਮੋਨੀ, ਨਗਰ ਨਿਗਮ ਅੰਮ੍ਰਿਤਸਰ, ਵਾਰਡ ਨੰ. 46 + ਰਾਮਸਰ ਰੋਡ, ਨਗਰ ਨਿਗਮ ਅੰਮ੍ਰਿਤਸਰ ਵਾਰਡ ਨੰ.46 + ਰਾਮਸਰ ਰੋਡ ਚੌਕ ਕਰੇੜੀ, ਨਗਰ ਨਿਗਮ ਅੰਮ੍ਰਿਤਸਰ ਵਾਰਡ ਨੰ,46 + ਗਲੀ ਜਵਾਹਰ ਸਿੰਘ ਚੌਕ ਕਰੇੜੀ ਨਗਰ ਨਿਗਮ ਅੰਮ੍ਰਿਤਸਰ ਵਾਰਡ ਨੰ 46 + ਬਾਜ਼ਾਰ ਚੌਕ ਕਰੇੜੀ ਮੋਨੀ, ਨਗਰ ਨਿਗਮ ਅੰਮ੍ਰਿਤਸਰ ਵਾਰਡ ਨੰ 46",Lost in 2024 (to INC),563,AAP,122,262,46.54,122,21.67,140,24.87,31,5.51,388,INC,21,110,28.35,131,33.76,86,22.16,46,11.86,-152,-18.19,12.09,16.65,-13.01,-175,-31.08
41,"Gali No. 1 Uttamgarh, Nagar Nigam Amritsar, Ward No. 46 + Gali No. 2 Uttamgarh Chowk Baba Bohri Wala, Nagar Nigam Amritsar, Ward No. 46 + Gali No. 3 Uttamgarh Chowk Baba Bohri Wala, Nagar Nigam Amritsar, Ward No. 46 + Uttamgarh Gali No. 3, Nagar Nigam Amritsar, Ward No. 46 + Gali No. 4 Bazar Baba Bohri Wala, Nagar Nigam Amritsar, Ward No. 46 + Bazar Baba Bohri Wala Bibeksar Road, Nagar Nigam Amritsar, Ward No. 46 + Baba Bohri Wala (Akhara), Nagar Nigam Amritsar, Ward No. 46 + Bibeksar Road Gali Berian Wali Puran Singh Marg, Nagar Nigam Amritsar, Ward No. 46 + Bibeksar Road, Nagar Nigam Amritsar, Ward No. 46 + Mahant Mall Singh Colony, Nagar Nigam Amritsar, Ward No. 46","ਗਲੀ ਨੰ.1 ਉੱਤਮਗੜ੍ਹ, ਨਗਰ ਨਿਗਮ ਅੰਮ੍ਰਿਤਸਰ, ਵਾਰਡ ਨੰ. 46 + ਗਲੀ ਨੰ.2 ਉੱਤਮਗੜ੍ਹ ਚੌਕ ਬਾਬਾ ਬੋਹੜੀ ਵਾਲਾ, ਨਗਰ ਨਿਗਮ ਅੰਮ੍ਰਿਤਸਰ, ਵਾਰਡ ਨੰ. 46 + ਗਲੀ ਨੰ.3 ਉੱਤਮਗੜ੍ਹ ਚੌਕ ਬਾਬਾ ਬੋਹੜੀ ਵਾਲਾ, ਨਗਰ ਨਿਗਮ ਅੰਮ੍ਰਿਤਸਰ, ਵਾਰਡ ਨੰ. 46 + ਉੱਤਮਗੜ੍ਹ ਗਲੀ ਨੰ.3, ਨਗਰ ਨਿਗਮ ਅੰਮ੍ਰਿਤਸਰ, ਵਾਰਡ ਨੰ. 46 + ਗਲੀ ਨੰ. 4 ਬਾਜ਼ਾਰ ਬਾਬਾ ਬੋਹੜੀ ਵਾਲਾ, ਨਗਰ ਨਿਗਮ ਅੰਮ੍ਰਿਤਸਰ, ਵਾਰਡ ਨੰ. 46 + ਬਾਜ਼ਾਰ ਬਾਬਾ ਬੋਹੜੀ ਵਾਲਾ ਬਿਬੇਕਸਰ ਰੋਡ, ਨਗਰ ਨਿਗਮ ਅੰਮ੍ਰਿਤਸਰ, ਵਾਰਡ ਨੰ. 46 + ਬਾਬਾ ਬੋਹੜੀ ਵਾਲਾ (ਅਖਾੜਾ), ਨਗਰ ਨਿਗਮ ਅੰਮ੍ਰਿਤਸਰ, ਵਾਰਡ ਨੰ. 46 + ਬਿਬੇਕਸਰ ਰੋਡ ਗਲੀ ਬੇਰੀਆਂ ਵਾਲੀ ਪੂਰਨ ਸਿੰਘ ਮਾਰਗ, ਨਗਰ ਨਿਗਮ ਅੰਮ੍ਰਿਤਸਰ, ਵਾਰਡ ਨੰ. 46 + ਬਿਬੇਕਸਰ ਰੋਡ, ਨਗਰ ਨਿਗਮ ਅੰਮ੍ਰਿਤਸਰ, ਵਾਰਡ ਨੰ. 46 + ਮਹੰਤ ਮੱਲ ਸਿੰਘ ਕਲੋਨੀ, ਨਗਰ ਨਿਗਮ ਅੰਮ੍ਰਿਤਸਰ, ਵਾਰਡ ਨੰ. 46",Won Both Times (Stronghold),704,AAP,216,408,57.95,87,12.36,192,27.27,4,0.57,537,AAP,54,201,37.43,105,19.55,147,27.37,60,11.17,-207,-20.52,7.19,26.8,-16.1,-167,-23.72
42,"Gali Khanda Singh Wali Nagar Nigam Amritsar Ward No. 46 + Gali Punjab Singh Chowk Baba Sahib, Nagar Nigam Amritsar, Ward No. 46 + Koochan Singh Haveli Daroga, Nagar Nigam Amritsar, Ward No. 46 + Chowk Baba Sahib Main Bazar, Nagar Nigam Amritsar, Ward No. 46 + Gali Gianiian, Nagar Nigam Amritsar, Ward No. 46 + Gali Jai Singh, Nagar Nigam Amritsar, Ward No. 46 + Gali Pisoorian, Nagar Nigam Amritsar, Ward No. 46 + Dharamshala Doabian, Nagar Nigam Amritsar, Ward No. 46 + Gali Manmohat Singh, Nagar Nigam Amritsar, Ward No. 46 + Gali Narain Singh, Nagar Nigam Amritsar, Ward No. 46 + Chowk Parag Das Main Bazar, Nagar Nigam Amritsar, Ward No. 46 + Gali Nisanchian, Nagar Nigam Amritsar, Ward No. 46","ਗਲੀ ਖਮੰਡਾ ਸਿੰਘ ਵਾਲੀ ਨਗਰ ਨਿਗਮ ਅੰਮ੍ਰਿਤਸਰ ਵਾਰਡ ਨੰ.46 + ਗਲੀ ਪੰਜਾਬ ਸਿੰਘ ਚੌਕ ਬਾਬਾ ਸਾਹਿਬ, ਨਗਰ ਨਿਗਮ ਅੰਮ੍ਰਿਤਸਰ, ਵਾਰਡ ਨੰ. 46 + ਕੂਚਨ ਸਿੰਘ ਹਵੇਲੀ ਦਰੋਗਾ, ਨਗਰ ਨਿਗਮ ਅੰਮ੍ਰਿਤਸਰ, ਵਾਰਡ ਨੰ. 46 + ਚੌਕ ਬਾਬਾ ਸਾਹਿਬ ਮੇਨ ਬਾਜ਼ਾਰ, ਨਗਰ ਨਿਗਮ ਅੰਮ੍ਰਿਤਸਰ, ਵਾਰਡ ਨੰ. 46 + ਗਲੀ ਗਿਆਨੀਆਾਂ, ਨਗਰ ਨਿਗਮ ਅੰਮ੍ਰਿਤਸਰ, ਵਾਰਡ ਨੰ. 46 + ਗਲੀ ਜੈ ਸਿੰਘ, ਨਗਰ ਨਿਗਮ ਅੰਮ੍ਰਿਤਸਰ, ਵਾਰਡ ਨੰ. 46 + ਗਲੀ ਪਿਸੋਰੀਆਂ, ਨਗਰ ਨਿਗਮ ਅੰਮ੍ਰਿਤਸਰ, ਵਾਰਡ ਨੰ. 46 + ਧਰਮਸ਼ਾਲਾ ਦੋਆਬਿਆਂ, ਨਗਰ ਨਿਗਮ ਅੰਮ੍ਰਿਤਸਰ, ਵਾਰਡ ਨੰ. 46 + ਗਲੀ ਮਨਮੋਹਟ ਸਿੰਘ, ਨਗਰ ਨਿਗਮ ਅੰਮ੍ਰਿਤਸਰ, ਵਾਰਡ ਨੰ. 46 + ਗਲੀ ਨਰੈਣ ਸਿੰਘ, ਨਗਰ ਨਿਗਮ ਅੰਮ੍ਰਿਤਸਰ, ਵਾਰਡ ਨੰ. 46 + ਚੌਕ ਪਰਾਗ ਦਾਸ ਮੇਨ ਬਾਜ਼ਾਰ, ਨਗਰ ਨਿਗਮ ਅੰਮ੍ਰਿਤਸਰ, ਵਾਰਡ ਨੰ. 46 + ਗਲੀ ਨਿਸਾਨਚੀਆਂ, ਨਗਰ ਨਿਗਮ ਅੰਮ੍ਰਿਤਸਰ, ਵਾਰਡ ਨੰ. 46",Won Both Times (Stronghold),560,AAP,104,292,52.14,74,13.21,188,33.57,1,0.18,419,AAP,131,227,54.18,96,22.91,21,5.01,62,14.8,-65,2.04,9.7,4.83,-18.77,-141,-25.18
43,"Gali Wadhau Wali, Nagar Nigam Amritsar, Ward No. 46 + Haveli Ganesh Das, Nagar Nigam Amritsar, Ward No. 46 + Gali Fatehbadia, Nagar Nigam Amritsar, Ward No. 46 + Chaur Gali (Shiv Gali), Nagar Nigam Amritsar, Ward No. 46 + Gali Shan Wali, Nagar Nigam Amritsar, Ward No. 46 + Chowk Baba Sahib, Nagar Nigam Amritsar, Ward No. 46","ਗਲੀ ਵਧਾਊ ਵਾਲੀ, ਨਗਰ ਨਿਗਮ ਅੰਮ੍ਰਿਤਸਰ, ਵਾਰਡ ਨੰ. 46 + ਹਵੇਲੀ ਗਨੇਸ਼ ਦਾਸ, ਨਗਰ ਨਿਗਮ ਅੰਮ੍ਰਿਤਸਰ, ਵਾਰਡ ਨੰ. 46 + ਗਲੀ ਫਤਿਹਬਾਦੀਆਂ, ਨਗਰ ਨਿਗਮ ਅੰਮ੍ਰਿਤਸਰ, ਵਾਰਡ ਨੰ. 46 + ਚੌਰ ਗਲੀ (ਸ਼ਿਵ ਗਲੀ), ਨਗਰ ਨਿਗਮ ਅੰਮ੍ਰਿਤਸਰ, ਵਾਰਡ ਨੰ. 46 + ਗਲੀ ਸ਼ਾਨ ਵਾਲੀ, ਨਗਰ ਨਿਗਮ ਅੰਮ੍ਰਿਤਸਰ, ਵਾਰਡ ਨੰ. 46 + ਚੌਕ ਬਾਬਾ ਸਾਹਿਬ, ਨਗਰ ਨਿਗਮ ਅੰਮ੍ਰਿਤਸਰ, ਵਾਰਡ ਨੰ. 46",Lost in 2024 (to BJP),492,AAP,210,310,63.01,100,20.33,65,13.21,9,1.83,398,BJP,60,114,28.64,70,17.59,174,43.72,34,8.54,-196,-34.37,-2.74,41.89,-4.67,-94,-19.11
44,"Kot Harnamdas Gali No. 5, Nagar Nigam Amritsar, Ward No. 42 + Kot Harnamdas Gali No. 6, Nagar Nigam Amritsar, Ward No. 42 + Kot Harnamdas Gali No. 7, Nagar Nigam Amritsar, Ward No. 42 + Kot Harnam Das Gali No. 1, Nagar Nigam Amritsar, Ward No. 42 + Kot Harnam Das Gali No. 2, Nagar Nigam Amritsar, Ward No. 42 + Kot Harnam Das Gali No. 3, Nagar Nigam Amritsar, Ward No. 42 + Kot Harnam Das Gali No. 4, Nagar Nigam Amritsar, Ward No. 42","ਕੋਟ ਹਰਨਾਮਦਾਸ ਗਲੀ ਨੰ.5, ਨਗਰ ਨਿਗਮ ਅੰਮ੍ਰਿਤਸਰ, ਵਾਰਡ ਨੰ. 42 + ਕੋਟ ਹਰਨਾਮਦਾਸ ਗਲੀ ਨੰ.6, ਨਗਰ ਨਿਗਮ ਅੰਮ੍ਰਿਤਸਰ, ਵਾਰਡ ਨੰ. 42 + ਕੋਟ ਹਰਨਾਮਦਾਸ ਗਲੀ.ਨੰ.7, ਨਗਰ ਨਿਗਮ ਅੰਮ੍ਰਿਤਸਰ, ਵਾਰਡ ਨੰ. 42 + ਕੋਟ ਹਰਨਾਮ ਦਾਸ ਗਲੀ ਨੰ.1, ਨਗਰ ਨਿਗਮ ਅੰਮ੍ਰਿਤਸਰ, ਵਾਰਡ ਨੰ. 42 + ਕੋਟ ਹਰਨਾਮ ਦਾਸ ਗਲੀ ਨੰ.2, ਨਗਰ ਨਿਗਮ ਅੰਮ੍ਰਿਤਸਰ, ਵਾਰਡ ਨੰ. 42 + ਕੋਟ ਹਰਨਾਮ ਦਾਸ ਗਲੀ ਨੰ.3, ਨਗਰ ਨਿਗਮ ਅੰਮ੍ਰਿਤਸਰ, ਵਾਰਡ ਨੰ. 42 + ਕੋਟ ਹਰਨਾਮ ਦਾਸ ਗਲੀ ਨੰ.4, ਨਗਰ ਨਿਗਮ ਅੰਮ੍ਰਿਤਸਰ, ਵਾਰਡ ਨੰ. 42",Won Both Times (Stronghold),322,AAP,167,219,68.01,41,12.73,52,16.15,3,0.93,266,AAP,70,136,51.13,66,24.81,28,10.53,24,9.02,-83,-16.88,12.08,9.6,-7.13,-56,-17.39
45,"Guru Nanak Pura Bazar No. 6, Nagar Nigam Amritsar, Ward No. 42 + Guru Nanak Pura Bazar No. 7 Barsati Wala Nala, Nagar Nigam Amritsar, Ward No. 42 + Krishna Nagar Near Purani Chungi Nagar Nigam Amritsar Ward No. 42","ਗੁਰੂ ਨਾਨਕ ਪੁਰਾ ਬਾਜ਼ਾਰ ਨੰ.6, ਨਗਰ ਨਿਗਮ ਅੰਮ੍ਰਿਤਸਰ, ਵਾਰਡ ਨੰ. 42 + ਗੁਰੂ ਨਾਨਕ ਪੁਰਾ ਬਾਜ਼ਾਰ ਨੰ.7 ਬਰਸਾਤੀ ਵਾਲਾ ਨਾਲਾ, ਨਗਰ ਨਿਗਮ ਅੰਮ੍ਰਿਤਸਰ, ਵਾਰਡ ਨੰ. 42 + ਕ੍ਰਿਸ਼ਨਾ ਨਗਰ ਨੇੜੇ ਪੁਰਾਣੀ ਚੁੰਗੀ ਨਗਰ ਨਿਗਮ ਅੰਮ੍ਰਿਤਸਰ ਵਾਰਡ ਨੰ 42",Won Both Times (Stronghold),536,AAP,207,326,60.82,80,14.93,119,22.2,0,0.0,383,AAP,50,148,38.64,98,25.59,35,9.14,75,19.58,-178,-22.18,10.66,9.14,-2.62,-153,-28.54
46,"Kot Harnam Das Gali No. 8, Nagar Nigam Amritsar, Ward No. 42 + Kot Harnam Das Gali No. 9, Nagar Nigam Amritsar, Ward No. 42 + Kot Harnam Das Gali No. 10, Nagar Nigam Amritsar, Ward No. 42 + Kot Harnam Das Gali No. 11, Nagar Nigam Amritsar, Ward No. 42 + Main Bazar Kot Harnam Das, Nagar Nigam Amritsar, Ward No. 42 + Kot Harnam Das Gali No. 12, Nagar Nigam Amritsar, Ward No. 42 + Kot Harnam Das Gali No. 13, Nagar Nigam Amritsar, Ward No. 42","ਕੋਟ ਹਰਨਾਮ ਦਾਸ ਗਲੀ ਨੰ. 8, ਨਗਰ ਨਿਗਮ ਅੰਮ੍ਰਿਤਸਰ, ਵਾਰਡ ਨੰ. 42 + ਕੋਟ ਹਰਨਾਮ ਦਾਸ ਗਲੀ ਨੰ. 9, ਨਗਰ ਨਿਗਮ ਅੰਮ੍ਰਿਤਸਰ, ਵਾਰਡ ਨੰ. 42 + ਕੋਟ ਹਰਨਾਮ ਦਾਸ ਗਲੀ ਨੰ. 10, ਨਗਰ ਨਿਗਮ ਅੰਮ੍ਰਿਤਸਰ, ਵਾਰਡ ਨੰ. 42 + ਕੋਟ ਹਰਨਾਮ ਦਾਸ ਗਲੀ ਨੰ. 11, ਨਗਰ ਨਿਗਮ ਅੰਮ੍ਰਿਤਸਰ, ਵਾਰਡ ਨੰ. 42 + ਮੇਨ ਬਾਜ਼ਾਰ ਕੋਟ ਹਰਨਾਮ ਦਾਸ, ਨਗਰ ਨਿਗਮ ਅੰਮ੍ਰਿਤਸਰ, ਵਾਰਡ ਨੰ. 42 + ਕੋਟ ਹਰਨਾਮ ਦਾਸ ਗਲੀ ਨੰ. 12, ਨਗਰ ਨਿਗਮ ਅੰਮ੍ਰਿਤਸਰ, ਵਾਰਡ ਨੰ. 42 + ਕੋਟ ਹਰਨਾਮ ਦਾਸ ਗਲੀ ਨੰ. 13, ਨਗਰ ਨਿਗਮ ਅੰਮ੍ਰਿਤਸਰ, ਵਾਰਡ ਨੰ. 42",Won Both Times (Stronghold),564,AAP,124,277,49.11,112,19.86,153,27.13,3,0.53,426,AAP,38,172,40.38,134,31.46,56,13.15,40,9.39,-105,-8.73,11.6,12.62,-17.74,-138,-24.47
47,"Kot Ralia Ram Sultanwind Road (Right Side), Nagar Nigam Amritsar, Ward No. 47","ਕੋਟ ਰਲੀਆ ਰਾਮ ਸੁਲਤਾਨਵਿੰਡ ਰੋਡ (ਸੱਜਾ ਪਾਸਾ), ਨਗਰ ਨਿਗਮ ਅੰਮ੍ਰਿਤਸਰ, ਵਾਰਡ ਨੰ. 47",Lost in 2024 (to INC),501,AAP,60,218,43.51,106,21.16,158,31.54,4,0.8,330,INC,9,107,32.42,116,35.15,32,9.7,41,12.42,-111,-11.09,13.99,8.9,-19.12,-171,-34.13
48,"Kot Ralia Ram Sultanwind Road (Sajja Pasa), Nagar Nigam Amritsar, Ward No. 47 + Kot Baba Deep Singh Gali No. 1, Nagar Nigam Amritsar, Ward No. 47 + Abadi Mahant Lachhman Das, Nagar Nigam Amritsar, Ward No. 47","ਕੋਟ ਰਲੀਆ ਰਾਮ ਸੁਲਤਾਨਵਿੰਡ ਰੋਡ (ਸੱਜਾ ਪਾਸਾ), ਨਗਰ ਨਿਗਮ ਅੰਮ੍ਰਿਤਸਰ, ਵਾਰਡ ਨੰ. 47 + ਕੋਟ ਬਾਬਾ ਦੀਪ ਸਿੰਘ ਗਲੀ ਨੰ. 1,ਨਗਰ ਨਿਗਮ ਅੰਮ੍ਰਿਤਸਰ, ਵਾਰਡ ਨੰ. 47 + ਆਬਾਦੀ ਮਹੰਤ ਲਛਮਣ ਦਾਸ, ਨਗਰ ਨਿਗਮ ਅੰਮ੍ਰਿਤਸਰ, ਵਾਰਡ ਨੰ. 47",Won Both Times (Stronghold),314,AAP,56,150,47.77,60,19.11,94,29.94,1,0.32,247,AAP,31,92,37.25,61,24.7,37,14.98,33,13.36,-58,-10.52,5.59,14.66,-16.58,-67,-21.34
49,"Rajhe di Haveli Guru Nanakpura Bazar, Nagar Nigam Amritsar, Ward No. 42 + Rajhe di Haveli, Nagar Nigam Amritsar, Ward No. 42 + Abai Guru Nanakpura Bazar No. 4, Nagar Nigam Amritsar, Ward No. 42","ਰਾਝੇ ਦੀ ਹਵੇਲੀ ਗੁਰੂ ਨਾਨਕਪੁਰਾ ਬਾਜ਼ਾਰ, ਨਗਰ ਨਿਗਮ ਅੰਮ੍ਰਿਤਸਰ, ਵਾਰਡ ਨੰ. 42 + ਰਾਝੇ ਦੀ ਹਵੇਲੀ, ਨਗਰ ਨਿਗਮ ਅੰਮ੍ਰਿਤਸਰ, ਵਾਰਡ ਨੰ. 42 + ਅਬਾਈ ਗੁਰੂ ਨਾਨਕਪੁਰਾ ਬਾਜ਼ਾਰ ਨੰ.4, ਨਗਰ ਨਿਗਮ ਅੰਮ੍ਰਿਤਸਰ, ਵਾਰਡ ਨੰ. 42",Won Both Times (Stronghold),659,AAP,208,372,56.45,99,15.02,164,24.89,3,0.46,516,AAP,107,218,42.25,111,21.51,36,6.98,106,20.54,-154,-14.2,6.49,6.52,-4.35,-143,-21.7
50,"Gurudwara Baba Jeevan Singh Guru Nanakpura Gali No. 7, Nagar Nigam Amritsar, Ward No. 47 + Gurudwara Baba Jeevan Singh Guru Nanakpura Gali No. 8, Nagar Nigam Amritsar, Ward No. 47 + Gurudwara Baba Jeevan Singh Guru Nanak Pura Gali No. 7, Nagar Nigam Amritsar, Ward No. 47 + Abadi Guru Nanak Pura Jujhari Abadi Sarwar Pura, Nagar Nigam Amritsar, Ward No. 47 + Abadi Guru Nanakpura Nede Ranjhe Di Haveli Gali No. 7, Nagar Nigam Amritsar, Ward No. 47","ਗੁਰਦੁਆਰਾ ਬਾਬਾ ਜੀਵਨ ਸਿੰਘ ਗੁਰੂ ਨਾਨਕਪੁਰਾ ਗਲੀ ਨੰ. 7, ਨਗਰ ਨਿਗਮ ਅੰਮ੍ਰਿਤਸਰ, ਵਾਰਡ ਨੰ. 47 + ਗੁਰਦੁਆਰਾ ਬਾਬਾ ਜੀਵਨ ਸਿੰਘ ਗੁਰੂ ਨਾਨਕਪੁਰਾ ਗਲੀ ਨੰ. 8, ਨਗਰ ਨਿਗਮ ਅੰਮ੍ਰਿਤਸਰ, ਵਾਰਡ ਨੰ. 47 + ਗੁਰਦੁਆਰਾ ਬਾਬਾ ਜੀਵਨ ਸਿੰਘ ਗੁਰੂ ਨਾਨਕ ਪੁਰਾ ਗਲੀ ਨੰ. 7, ਨਗਰ ਨਿਗਮ ਅੰਮ੍ਰਿਤਸਰ, ਵਾਰਡ ਨੰ. 47 + ਅਬਾਦੀ ਗੁਰੂ ਨਾਨਕ ਪੁਰਾ ਜੁਝਾਰੀ ਅਬਾਦੀ ਸਰਵਰ ਪੁਰਾ, ਨਗਰ ਨਿਗਮ ਅੰਮ੍ਰਿਤਸਰ, ਵਾਰਡ ਨੰ. 47 + ਅਬਾਦੀ ਗੁਰੂ ਨਾਨਕਪੁਰਾ ਨੇੜੇ ਰਾਂਝੇ ਦੀ ਹਵੇਲੀ ਗਲੀ ਨੰ. 7, ਨਗਰ ਨਿਗਮ ਅੰਮ੍ਰਿਤਸਰ, ਵਾਰਡ ਨੰ. 47",Won Both Times (Stronghold),617,AAP,232,365,59.16,133,21.56,103,16.69,3,0.49,487,AAP,52,192,39.43,140,28.75,28,5.75,94,19.3,-173,-19.73,7.19,5.26,2.61,-130,-21.07
51,"Antarjami Colony, Gali No. 6, Nagar Nigam Amritsar, Ward No. 42 + Antarjami Colony, Gali No. 2, Nagar Nigam Amritsar, Ward No. 42 + Antarjami Colony, Gali No. 4, Nagar Nigam Amritsar, Ward No. 42 + Antarjami Colony, Gali No. 5, Nagar Nigam Amritsar, Ward No. 42 + Antarjami Colony, Gali No. 7, Nagar Nigam Amritsar, Ward No. 42 + Antarjami Colony, Gali No. 8, Nagar Nigam Amritsar, Ward No. 42 + Antarjami Colony, Gali No. 9, Nagar Nigam Amritsar, Ward No. 42 + Antarjami Colony, Gali No. 3, Nagar Nigam Amritsar, Ward No. 42","ਅੰਤਰਜਾਮੀ ਕਲੋਨੀ, ਗਲੀ ਨੰ. 6, ਨਗਰ ਨਿਗਮ ਅੰਮ੍ਰਿਤਸਰ, ਵਾਰਡ ਨੰ. 42 + ਅੰਤਰਜਾਮੀ ਕਲੋਨੀ, ਗਲੀ ਨੰ. 2, ਨਗਰ ਨਿਗਮ ਅੰਮ੍ਰਿਤਸਰ, ਵਾਰਡ ਨੰ. 42 + ਅੰਤਰਜਾਮੀ ਕਲੋਨੀ, ਗਲੀ ਨੰ. 4, ਨਗਰ ਨਿਗਮ ਅੰਮ੍ਰਿਤਸਰ, ਵਾਰਡ ਨੰ. 42 + ਅੰਤਰਜਾਮੀ ਕਲੋਨੀ, ਗਲੀ ਨੰ. 5, ਨਗਰ ਨਿਗਮ ਅੰਮ੍ਰਿਤਸਰ, ਵਾਰਡ ਨੰ. 42 + ਅੰਤਰਜਾਮੀ ਕਲੋਨੀ, ਗਲੀ ਨੰ. 7, ਨਗਰ ਨਿਗਮ ਅੰਮ੍ਰਿਤਸਰ, ਵਾਰਡ ਨੰ. 42 + ਅੰਤਰਜਾਮੀ ਕਲੋਨੀ, ਗਲੀ ਨੰ. 8, ਨਗਰ ਨਿਗਮ ਅੰਮ੍ਰਿਤਸਰ, ਵਾਰਡ ਨੰ. 42 + ਅੰਤਰਜਾਮੀ ਕਲੋਨੀ, ਗਲੀ ਨੰ. 9, ਨਗਰ ਨਿਗਮ ਅੰਮ੍ਰਿਤਸਰ, ਵਾਰਡ ਨੰ. 42 + ਅੰਤਰਜਾਮੀ ਕਲੋਨੀ, ਗਲੀ ਨੰ. 3, ਨਗਰ ਨਿਗਮ ਅੰਮ੍ਰਿਤਸਰ, ਵਾਰਡ ਨੰ. 42",Won Both Times (Stronghold),563,AAP,219,358,63.59,53,9.41,139,24.69,4,0.71,413,AAP,66,157,38.01,89,21.55,45,10.9,91,22.03,-201,-25.58,12.14,10.19,-2.66,-150,-26.64
52,"Antarjami Colony, Gali No. 1, Nagar Nigam Amritsar, Ward No. 42 + New Antarjami Colony, Gali No. 2, Nagar Nigam Amritsar, Ward No. 42 + New Antarjami Colony, Gali No. 1, Nagar Nigam Amritsar, Ward No. 42 + Main Bazar Antarjami Colony, Gali No. 1, Nagar Nigam Amritsar, Ward No. 42 + Baba Deep Singh Avenue Chatiwind Nala Taran Taran Road, Nagar Nigam Amritsar Ward No. 47","ਅੰਤਰਜਾਮੀ ਕਲੋਨੀ, ਗਲੀ ਨੰ. 1, ਨਗਰ ਨਿਗਮ ਅੰਮ੍ਰਿਤਸਰ, ਵਾਰਡ ਨੰ. 42 + ਨਿਊ ਅੰਤਰਜਾਮੀ ਕਲੋਨੀ, ਗਲੀ ਨੰ. 2, ਨਗਰ ਨਿਗਮ ਅੰਮ੍ਰਿਤਸਰ, ਵਾਰਡ ਨੰ. 42 + ਨਿਊ ਅੰਤਰਜਾਮੀ ਕਲੋਨੀ, ਗਲੀ ਨੰ. 1, ਨਗਰ ਨਿਗਮ ਅੰਮ੍ਰਿਤਸਰ, ਵਾਰਡ ਨੰ. 42 + ਮੇਨ ਬਜਾਰ ਅੰਤਰਜਾਮੀ ਕਲੋਨੀ, ਗਲੀ ਨੰ 1, ਨਗਰ ਨਿਗਮ ਅੰਮ੍ਰਿਤਸਰ, ਵਾਰਡ ਨੰ. 42 + ਬਾਬਾ ਦੀਪ ਸਿੰਘ ਐਵੀਨਿਊ ਚਾਟੀਵਿੰਡ ਨਾਲਾ ਤਰਨ ਤਾਰਨ ਰੋਡ, ਨਗਰ ਨਿਗਮ ਅੰਮ੍ਰਿਤਸਰ ਵਾਰਡ ਨੰ. 47",Won Both Times (Stronghold),718,AAP,263,423,58.91,160,22.28,106,14.76,20,2.79,607,AAP,36,210,34.6,156,25.7,174,28.67,54,8.9,-213,-24.31,3.42,25.88,-5.86,-111,-15.46
53,"Gali Masit Wali, Nagar Nigam, Amritsar, Ward No. 46 + Baba Deep Singh Colony, Nagar Nigam Amritsar, Ward No. 46 + Chowk Baba Deep Sahib, Nagar Nigam. Amritsar, Ward No. 46","ਗਲੀ ਮਸੀਤ ਵਾਲੀ, ਨਗਰ ਨਿਗਮ, ਅੰਮ੍ਰਿਤਸਰ, ਵਾਰਡ ਨੰ. 46 + ਬਾਬਾ ਦੀਪ ਸਿੰਘ ਕਲੋਨੀ, ਨਗਰ ਨਿਗਮ ਅੰਮ੍ਰਿਤਸਰ, ਵਾਰਡ ਨੰ. 46 + ਚੌਂਕ ਬਾਬਾ ਦੀਪ ਸਾਹਿਬ, ਨਗਰ ਨਿਗਮ. ਅੰਮ੍ਰਿਤਸਰ, ਵਾਰਡ ਨੰ. 46",Won Both Times (Stronghold),642,AAP,186,357,55.61,85,13.24,171,26.64,13,2.02,557,AAP,27,181,32.5,135,24.24,154,27.65,53,9.52,-176,-23.11,11.0,25.63,-17.12,-85,-13.24
54,"Abadi Fire Brigade, Nagar Nigam, Amritsar, Ward No. 48 + Gali Brahm Acharya Gill Wali Gate, Nagar Nigam Amritsar, Ward No. 48 + Gali Gor Kanda Guru Arjan Dev Gali, Nagar Nigam Amritsar, Ward No. 48 + Kucha Gujran Chowk Jai Singh, Nagar Nigam Amritsar, Ward No. 48 + Chowk Jai Singh, Nagar Nigam Amritsar, Ward No. 48 + Kucha Kahan Singh, Nagar Nigam Amritsar, Ward No. 48","ਆਬਾਦੀ ਫਾਇਰ ਬ੍ਰਿਗੇਡ,ਨਗਰ ਨਿਗਮ, ਅੰਮ੍ਰਿਤਸਰ, ਵਾਰਡ ਨੰ. 48 + ਗਲੀ ਬ੍ਰਹਮ ਅਚਾਰੀਆ ਗਿੱਲ ਵਾਲੀ ਗੇਟ, ਨਗਰ ਨਿਗਮ ਅੰਮ੍ਰਿਤਸਰ, ਵਾਰਡ ਨੰ. 48 + ਗਲੀ ਗੋਰ ਕੰਡਾ ਗੁਰੂ ਅਰਜਨ ਦੇਵ ਗਲੀ, ਨਗਰ ਨਿਗਮ ਅੰਮ੍ਰਿਤਸਰ, ਵਾਰਡ ਨੰ. 48 + ਕੂਚਾ ਗੁਜਰਾਂ ਚੌਕ ਜੈ ਸਿੰਘ, ਨਗਰ ਨਿਗਮ ਅੰਮ੍ਰਿਤਸਰ, ਵਾਰਡ ਨੰ. 48 + ਚੌਕ ਜੈ ਸਿੰਘ, ਨਗਰ ਨਿਗਮ ਅੰਮ੍ਰਿਤਸਰ, ਵਾਰਡ ਨੰ. 48 + ਕੂਚਾ ਕਾਹਨ ਸਿੰਘ, ਨਗਰ ਨਿਗਮ ਅੰਮ੍ਰਿਤਸਰ, ਵਾਰਡ ਨੰ. 48",Lost in 2024 (to BJP),514,AAP,271,344,66.93,73,14.2,72,14.01,14,2.72,413,BJP,9,126,30.51,80,19.37,135,32.69,53,12.83,-218,-36.42,5.17,29.97,-1.18,-101,-19.65
55,"Chauk Lachhmansar, Nagar Nigam Amritsar, Ward No. 48 + Bakkar Wali Haveli, Nagar Nigam Amritsar, Ward No. 48 + Gali Bhaktiya, Nagar Nigam, Amritsar, Ward No. 48 + Gali Khajoor Wali, Nagar Nigam Amritsar, Ward No. 48 + Gali Khalsa Wali (Chauk Chabutra), Nagar Nigam, Amritsar, Ward No. 48 + Gali Leharaan, Nagar Nigam Amritsar, Ward No. 48 + Gali Kamboj, Nagar Nigam Amritsar, Ward No. 48 + Gali Saleta Wali, Nagar Nigam Ward No. 48 Amritsar","ਚੌਕ ਲੱਛਮਣਸਰ, ਨਗਰ ਨਿਗਮ ਅੰਮ੍ਰਿਤਸਰ, ਵਾਰਡ ਨੰ. 48 + ਬੱਕਰ ਵਾਲੀ ਹਵੇਲੀ, ਨਗਰ ਨਿਗਮ ਅੰਮ੍ਰਿਤਸਰ, ਵਾਰਡ ਨੰ. 48 + ਗਲੀ ਭਕਟੀਆ, ਨਗਰ ਨਿਗਮ, ਅੰਮ੍ਰਿਤਸਰ, ਵਾਰਡ ਨੰ. 48 + ਗਲੀ ਖਜੂਰ ਵਾਲੀ, ਨਗਰ ਨਿਗਮ ਅੰਮ੍ਰਿਤਸਰ, ਵਾਰਡ ਨੰ. 48 + ਗਲੀ ਖਾਲਸਾ ਵਾਲੀ (ਚੌਕ ਚਬੂਤਰਾ), ਨਗਰ ਨਿਗਮ, ਅੰਮ੍ਰਿਤਸਰ, ਵਾਰਡ ਨੰ. 48 + ਗਲੀ ਲੇਹਾਰਾਂ, ਨਗਰ ਨਿਗਮ ਅੰਮ੍ਰਿਤਸਰ, ਵਾਰਡ ਨੰ. 48 + ਗਲੀ ਕੰਬੋਜ, ਨਗਰ ਨਿਗਮ ਅੰਮ੍ਰਿਤਸਰ, ਵਾਰਡ ਨੰ. 48 + ਗਲੀ ਸਲੇਟਾ ਵਾਲੀ, ਨਗਰ ਨਿਗਮ ਵਾਰਡ ਨੰ. 48 ਅੰਮ੍ਰਿਤਸਰ",Lost in 2024 (to BJP),578,AAP,242,347,60.03,105,18.17,92,15.92,23,3.98,468,BJP,16,148,31.62,99,21.15,164,35.04,37,7.91,-199,-28.41,2.98,31.06,-8.01,-110,-19.03
56,"Chonk Chabutra, Nagar Nigam Amritsar, Ward No. 48 + Kucha Salamat Singh, Nagar Nigam Amritsar, Ward No. 48 + Gali Abdullah Khan, Nagar Nigam Amritsar, Ward No. 48 + Bazar Ambalwalian, Nagar Nigam Amritsar, Ward No. 48","ਚੌਂਕ ਚਬੂਤਰਾ, ਨਗਰ ਨਿਗਮ ਅੰਮ੍ਰਿਤਸਰ, ਵਾਰਡ ਨੰ. 48 + ਕੂਚਾ ਸਲਾਮਤ ਸਿੰਘ, ਨਗਰ ਨਿਗਮ ਅੰਮ੍ਰਿਤਸਰ, ਵਾਰਡ ਨੰ. 48 + ਗਲੀ ਅਬਦੁੱਲਾ ਖਾਂ, ਨਗਰ ਨਿਗਮ ਅੰਮ੍ਰਿਤਸਰ, ਵਾਰਡ ਨੰ. 48 + ਬਜ਼ਾਰ ਅੰਬਲਵਾਲੀਆਂ, ਨਗਰ ਨਿਗਮ ਅੰਮ੍ਰਿਤਸਰ, ਵਾਰਡ ਨੰ. 48",Lost Both Times (Deficit),481,SAD,52,96,19.96,150,31.19,202,42.0,18,3.74,380,INC,103,85,22.37,188,49.47,36,9.47,51,13.42,-11,2.41,18.28,5.73,-28.58,-101,-21.0
57,"Haveli Panna Singh, Nagar Nigam Amritsar, Ward No. 48 + Bazaar Chowk Moni, Nagar Nigam Amritsar, Ward No. 46 + Mandi Bhagat Singh Road, Nagar Nigam Amritsar, Ward No. 46 + Bazaar Androon Chatiwind, Nagar Nigam Amritsar, Ward No. 46 + Bazaar Loharan, Nagar Nigam Amritsar, Ward No. 48 + Gali Ali Munshi Gill Wali Gate, Nagar Nigam Amritsar, Ward No. 48 + Gali Mast Khooh, Nagar Nigam Amritsar, Ward No. 48","ਹਵੇਲੀ ਪੰਨਾ ਸਿੰਘ, ਨਗਰ ਨਿਗਮ ਅੰਮ੍ਰਿਤਸਰ, ਵਾਰਡ ਨੰ. 48 + ਬਾਜ਼ਾਰ ਚੌਕ ਮੋਨੀ, ਨਗਰ ਨਿਗਮ ਅੰਮ੍ਰਿਤਸਰ, ਵਾਰਡ ਨੰ. 46 + ਮੰਡੀ ਭਗਤ ਸਿੰਘ ਰੋਡ, ਨਗਰ ਨਿਗਮ ਅੰਮ੍ਰਿਤਸਰ, ਵਾਰਡ ਨੰ. 46 + ਬਾਜ਼ਾਰ ਅੰਦਰੂਨ ਚਾਟੀਵਿੰਡ, ਨਗਰ ਨਿਗਮ ਅੰਮ੍ਰਿਤਸਰ, ਵਾਰਡ ਨੰ. 46 + ਬਾਜ਼ਾਰ ਲੋਹਾਰਾਂ, ਨਗਰ ਨਿਗਮ ਅੰਮ੍ਰਿਤਸਰ, ਵਾਰਡ ਨੰ. 48 + ਗਲੀ ਅਲੀ ਮੁਨਸ਼ੀ ਗਿੱਲ ਵਾਲੀ ਗੇਟ, ਨਗਰ ਨਿਗਮ ਅੰਮ੍ਰਿਤਸਰ, ਵਾਰਡ ਨੰ. 48 + ਗਲੀ ਮਸਤ ਖੂਹ, ਨਗਰ ਨਿਗਮ ਅੰਮ੍ਰਿਤਸਰ, ਵਾਰਡ ਨੰ. 48",Lost in 2024 (to INC),575,AAP,40,207,36.0,167,29.04,165,28.7,19,3.3,444,INC,60,61,13.74,193,43.47,133,29.95,31,6.98,-146,-22.26,14.43,26.65,-21.72,-131,-22.78
58,"Ghar Maliyan De Sakatri Bagh, Nagar Nigam, Amritsar, Ward No. 50 + Lal Quarters Sakatri Bagh Bahar Var Anusuchit Jati Colony, Gilwali Gate, Nagar Nigam Amritsar, Ward No. 50, Amritsar + Baba Khadak Singh Baba Darshan Singh, I.T.I Vidyak Sanstha, Nagar Nigam Amritsar, Ward No. 47 + Gawala Enclave Kot Baba Deep Singh, Nagar Nigam Amritsar, Ward No. 47 + Tuttia Baba Sahaiya Singh Taran Taran Road, Nagar Nigam Amritsar, Ward No. 47 + Outside Gillwali Gate Main Road Nede, Nagar Nigam Amritsar, Ward No. 50","ਘਰ ਮਾਲੀਆਂ ਦੇ ਸਕੱਤਰੀ ਬਾਗ, ਨਗਰ ਨਿਗਮ, ਅੰਮ੍ਰਿਤਸਰ, ਵਾਰਡ ਨੰ. 50 + ਲਾਲ ਕੁਆਟਰ ਸਕਤਰੀ ਬਾਗ ਬਾਹਰ ਵਾਰ ਅਨੁਸੂਚਿਤ ਜਾਤੀ ਕਲੋਨੀ, ਗਿਲਵਾਲੀ ਗੇਟ, ਨਗਰ ਨਿਗਮ ਅੰਮ੍ਰਿਤਸਰ, ਵਾਰਡ ਨੰ 50, ਅੰਮ੍ਰਿਤਸਰ + ਬਾਬਾ ਖੜਕ ਸਿੰਘ ਬਾਬਾ ਦਰਸ਼ਨ ਸਿੰਘ,ਆਈ.ਟੀ,ਆਈ ਵਿਦਿਅਕ ਸੰਸਥਾ.ਨਗਰ ਨਿਗਮ ਅੰਮ੍ਰਿਤਸਰ, ਵਾਰਡ ਨੰ. 47 + ਗਾਵਾਲਾ ਇਨਕਲੇਵ ਕੋਟ ਬਾਬਾ ਦੀਪ ਸਿੰਘ, ਨਗਰ ਨਿਗਮ ਅੰਮ੍ਰਿਤਸਰ, ਵਾਰਡ ਨੰ. 47 + ਟੁੱਟੀਆ ਬਾਬਾ ਸਹਾਇਆ ਸਿੰਘ ਤਰਨ ਤਾਰਨ ਰੋਡ, ਨਗਰ ਨਿਗਮ ਅੰਮ੍ਰਿਤਸਰ, ਵਾਰਡ ਨੰ. 47 + ਆਊਟ ਸਾਇਡ ਗਿੱਲਵਾਲੀ ਗੇਟ ਮੇਨ ਰੋਡ ਨੇੜੇ,, ਨਗਰ ਨਿਗਮ ਅੰਮ੍ਰਿਤਸਰ, ਵਾਰਡ ਨੰ. 50",Lost in 2024 (to BJP),498,AAP,89,240,48.19,151,30.32,57,11.45,37,7.43,412,BJP,127,48,11.65,108,26.21,235,57.04,13,3.16,-192,-36.54,-4.11,49.61,-8.29,-86,-17.27
59,"Kachhe Pakke Ghar, Anusuchit Jati Colony, Dera Adhukiya Das, Nagar Nigam Amritsar, Ward No. 50, Amritsar. + Double Steri 24-Quarter, Nagar Nigam, Amritsar, Ward No. 50 + Shiv Bhola Nath Mandir, Nagar Nigam Amritsar, Ward No. 50 + Aare Wali, Nagar Nigam Amritsar, Ward No. 50 + Lakshmi Avenue Nede State Bank Bhagta Wala Road, Nagar Nigam Amritsar, Ward No. 50 + Pichhla Pasa Guru Ramdas Atta Mill Nagar Nigam Amritsar, Ward No. 50 + Tarsem Lal Dukanedar Ate Guru Ram Das Atta Mill, Nagar Nigam Amritsar, Ward No. 50 + Baba Jeevan Singh Colony, Railway Line Bhagta Wala Road, Nagar Nigam Amritsar, Ward No. 50 + Center Warehouse Railway Paar Nede Dana Mandi Bhagta Wala Road, Nagar Nigam Amritsar, Ward No. 50","ਕੱਚੇ ਪੱਕੇ ਘਰ, ਅਨੁਸੂਚਿਤ ਜਾਤੀ ਕਲੋਨੀ, ਡੇਰਾ ਅਧੁਕਿਆ ਦਾਸ, ਨਗਰ ਨਿਗਮ ਅੰਮ੍ਰਿਤਸਰ, ਵਾਰਡ ਨੰ 50, ਅੰਮ੍ਰਿਤਸਰ. + ਡਬਲ ਸਟੇਰੀ 24-ਕੁਆਟਰ, ਨਗਰ ਨਿਗਮ, ਅੰਮ੍ਰਿਤਸਰ, ਵਾਰਡ ਨੰ. 50 + ਸ਼ਿਵ ਭੋਲਾ ਨਾਥ ਮੰਦਰ, ਨਗਰ ਨਿਗਮ ਅੰਮ੍ਰਿਤਸਰ, ਵਾਰਡ ਨੰ. 50 + ਆਰੇ ਵਾਲੀ, ਨਗਰ ਨਿਗਮ ਅੰਮ੍ਰਿਤਸਰ, ਵਾਰਡ ਨੰ. 50 + ਲਕਸ਼ਮੀ ਐਵਿਨਿਊ ਨੇੜੇ ਸਟੇਟ ਬੈਂਕ ਭਗਤਾ ਵਾਲਾ ਰੋਡ, ਨਗਰ ਨਿਗਮ ਅੰਮ੍ਰਿਤਸਰ, ਵਾਰਡ ਨੰ. 50 + ਪਿਛਲਾ ਪਾਸਾ ਗੁਰੂ ਰਾਮਦਾਸ ਆਟਾ ਮਿੱਲ ਨਗਰ ਨਿਗਮ ਅੰਮ੍ਰਿਤਸਰ, ਵਾਰਡ ਨੰ. 50 + ਤਰਸੇਮ ਲਾਲ ਦੁਕਾਨਦਾਰ ਅਤੇ ਗੁਰੂ ਰਾਮ ਦਾਸ ਆਟਾ ਮਿੱਲ, ਨਗਰ ਨਿਗਮ ਅੰਮ੍ਰਿਤਸਰ, ਵਾਰਡ ਨੰ. 50 + ਬਾਬਾ ਜੀਵਨ ਸਿੰਘ ਕਲੋਨੀ, ਰੇਲਵੇ ਲਾਈਨ ਭਗਤਾ ਵਾਲਾ ਰੋਡ, ਨਗਰ ਨਿਗਮ ਅੰਮ੍ਰਿਤਸਰ, ਵਾਰਡ ਨੰ. 50 + ਸένटर ਵੇਅਰ ਹਾਊਸ ਰੇਲਵੇ ਪਾਰ ਨੇੜੇ ਦਾਣਾ ਮੰਡੀ ਭਗਤਾ ਵਾਲਾ ਰੋਡ, ਨਗਰ ਨਿਗਮ. ਅੰਮ੍ਰਿਤਸਰ, ਵਾਰਡ ਨੰ. 50",Lost in 2024 (to INC),611,AAP,10,216,35.35,170,27.82,206,33.72,6,0.98,462,INC,17,119,25.76,136,29.44,109,23.59,73,15.8,-97,-9.59,1.62,22.61,-17.92,-149,-24.39
60,"Karkhana Bazar, Nagar Nigam Amritsar, Ward No. 46 + Purani Lakkad Mandi, Nagar Nigam Amritsar, Ward. 46 + Neevi Gali Nede Purani Lakkad Mandi, Nagar Nigam, Amritsar, Ward No. 46 + Valtoiyan Wali Gali, Mahana Singh Road, Nagar Nigam Amritsar, Ward No. 46","ਕਾਰਖਾਨਾ ਬਾਜ਼ਾਰ, ਨਗਰ ਨਿਗਮ ਅੰਮ੍ਰਿਤਸਰ, ਵਾਰਡ ਨੰ. 46 + ਪੁਰਾਣੀ ਲੱਕੜ ਮੰਡੀ, ਨਗਰ ਨਿਗਮ ਅੰਮ੍ਰਿਤਸਰ, ਵਾਰਡ. 46 + ਨੀਂਵੀ ਗਲੀ ਨੇੜੇ ਪੁਰਾਣੀ ਲੱਕੜ ਮੰਡੀ, ਨਗਰ ਨਿਗਮ, ਅੰਮ੍ਰਿਤਸਰ, ਵਾਰਡ ਨੰ. 46 + ਵਲਟੋਈਆਂ ਵਾਲੀ ਗਲੀ, ਮਾਹਨਾ ਸਿੰਘ ਰੋਡ, ਨਗਰ ਨਿਗਮ ਅੰਮ੍ਰਿਤਸਰ, ਵਾਰਡ ਨੰ. 46",Lost in 2024 (to BJP),477,AAP,29,197,41.3,168,35.22,84,17.61,6,1.26,436,BJP,20,112,25.69,130,29.82,150,34.4,27,6.19,-85,-15.61,-5.4,33.14,-11.42,-41,-8.6
61,"Karkhana Bazar (Near Chauli Chowk), Nagar Nigam Amritsar, Ward No. 46 + Gali Phat Wali, Nagar Nigam Amritsar, Ward No. 46 + Gali Madan Lal Bhatia, Nagar Nigam Amritsar, Ward No. 46 + Basti Isaiyan, Nagar Nigam Amritsar, Ward No. 46","ਕਾਰਖਾਨਾ ਬਾਜ਼ਾਰ (ਨੇੜੇ ਚੌਲੀ ਚੌਕ), ਨਗਰ ਨਿਗਮ ਅੰਮ੍ਰਿਤਸਰ, ਵਾਰਡ ਨੰ. 46 + ਗਲੀ ਫੱਟ ਵਾਲੀ, ਨਗਰ ਨਿਗਮ ਅੰਮ੍ਰਿਤਸਰ, ਵਾਰਡ ਨੰ. 46 + ਗਲੀ ਮਦਨ ਲਾਲ ਭਾਟੀਆ, ਨਗਰ ਨਿਗਮ ਅੰਮ੍ਰਿਤਸਰ, ਵਾਰਡ ਨੰ. 46 + ਬਸਤੀ ਇਸਾਈਆਂ, ਨਗਰ ਨਿਗਮ ਅੰਮ੍ਰਿਤਸਰ, ਵਾਰਡ ਨੰ. 46",Won Both Times (Stronghold),558,AAP,141,291,52.15,86,15.41,150,26.88,16,2.87,461,AAP,35,146,31.67,111,24.08,88,19.09,89,19.31,-145,-20.48,8.67,16.22,-7.57,-97,-17.38
62,"Gali Mahna Singh, Nagar Nigam Amritsar, Ward No. 46 + Mahna Singh Road, Nagar Nigam Amritsar, Ward No. 46 + Bazar Bagh Jallian Wala, Nagar Nigam, Amritsar, Ward No. 46 + Haveli Mahanta Di (Nede Dholi Chowk), Nagar Nigam, Amritsar, Ward No. 46 + Haveli Mai Toni (Nede Dakkhana Dholi Chowk), Nagar Nigam Amritsar, Ward No. 46 + Singhariyan Wali Gali (Nede Dakkhana Dholi Chowk), Nagar Nigam Amritsar, Ward No. 46 + Haveli Babu Ram (Nede Dholi Chowk), Nagar Nigam Amritsar, Ward No. 46 + Gali Dasaunda Singh, Nagar Nigam Amritsar, Ward No. 46","ਗਲੀ ਮਾਹਣਾ ਸਿੰਘ, ਨਗਰ ਨਿਗਮ ਅੰਮ੍ਰਿਤਸਰ, ਵਾਰਡ ਨੰ. 46 + ਮਾਹਣਾ ਸਿੰਘ ਰੋਡ, ਨਗਰ ਨਿਗਮ ਅੰਮ੍ਰਿਤਸਰ, ਵਾਰਡ ਨੰ. 46 + ਬਾਜ਼ਾਰ ਬਾਗ ਜਲਿਆਂ ਵਾਲਾ, ਨਗਰ ਨਿਗਮ, ਅੰਮ੍ਰਿਤਸਰ, ਵਾਰਡ ਨੰ. 46 + ਹਵੇਲੀ ਮਹੰਤਾ ਦੀ (ਨੇੜੇ ਢੋਲੀ ਚੌਕ), ਨਗਰ ਨਿਗਮ, ਅੰਮ੍ਰਿਤਸਰ, ਵਾਰਡ ਨੰ. 46 + ਹਵੇਲੀ ਮਾਈ ਟੋਨੀ (ਨੇੜੇ ਡਾਕਖਾਨਾ ਢੋਲੀ ਚੌਕ), ਨਗਰ ਨਿਗਮ ਅੰਮ੍ਰਿਤਸਰ, ਵਾਰਡ ਨੰ. 46 + ਸਿੰਘਾੜਿਆਂ ਵਾਲੀ ਗਲੀ (ਨੇੜੇ ਡਾਕਖਾਨਾ ਢੋਲੀ ਚੌਕ), ਨਗਰ ਨਿਗਮ ਅੰਮ੍ਰਿਤਸਰ, ਵਾਰਡ ਨੰ. 46 + ਹਵੇਲੀ ਬਾਬੂ ਰਾਮ (ਨੇੜੇ ਢੋਲੀ ਚੌਕ), ਨਗਰ ਨਿਗਮ ਅੰਮ੍ਰਿਤਸਰ, ਵਾਰਡ ਨੰ. 46 + ਗਲੀ ਦਸੌਦਾ ਸਿੰਘ, ਨਗਰ ਨਿਗਮ ਅੰਮ੍ਰਿਤਸਰ, ਵਾਰਡ ਨੰ. 46",Lost in 2024 (to INC),387,AAP,128,221,57.11,93,24.03,51,13.18,13,3.36,307,INC,5,79,25.73,98,31.92,93,30.29,25,8.14,-142,-31.38,7.89,26.93,-5.04,-80,-20.67
63,"Gali Chuhar Singh, Nagar Nigam Amritsar, Ward No. 46 + Chowk Manda Singh, Nagar Nigam Amritsar, Ward No. 46 + Gali Jiwan Choudhary, Nagar Nigam Amritsar, Ward No. 46 + Gali Amir Khushiar, Nagar Nigam Amritsar, Ward No. 46 + Chowk Manna Singh Gali Nadhalia Wali, Nagar Nigam Amritsar, Ward No. 46 + Gali Pippal Wali, Nagar Nigam Amritsar, Ward No. 46 + Mana Singh Road, Chowk Ghanta Ghar, Nagar Nigam Amritsar, Ward No. 46","ਗਲੀ ਚੁਹੜ ਸਿੰਘ, ਨਗਰ ਨਿਗਮ ਅੰਮ੍ਰਿਤਸਰ, ਵਾਰਡ ਨੰ. 46 + ਚੌਕ ਮਾਣਦਾ ਸਿੰਘ, ਨਗਰ ਨਿਗਮ ਅੰਮ੍ਰਿਤਸਰ, ਵਾਰਡ ਨੰ. 46 + ਗਲੀ ਜੀਵਨ ਚੌਧਰੀ, ਨਗਰ ਨਿਗਮ ਅੰਮ੍ਰਿਤਸਰ, ਵਾਰਡ ਨੰ. 46 + ਗਲੀ ਅਮੀਰ ਖ਼ੁਸ਼ਿਆਰ, ਨਗਰ ਨਿਗਮ ਅੰਮ੍ਰਿਤਸਰ, ਵਾਰਡ ਨੰ. 46 + ਚੌਕ ਮੰਨਾ ਸਿੰਘ ਗਲੀ ਨਢਾਲੀਆ ਵਾਲੀ, ਨਗਰ ਨਿਗਮ ਅੰਮ੍ਰਿਤਸਰ, ਵਾਰਡ ਨੰ 46 + ਗਲੀ ਪਿੱਪਲ ਵਾਲੀ, ਨਗਰ ਨਿਗਮ ਅੰਮ੍ਰਿਤਸਰ, ਵਾਰਡ ਨੰ. 46 + ਮਾਨਾ ਸਿੰਘ ਰੋਡ, ਚੌਕ ਘੰਟਾ ਘਰ, ਨਗਰ ਨਿਗਮ ਅੰਮ੍ਰਿਤਸਰ, ਵਾਰਡ ਨੰ.46",Lost in 2024 (to BJP),452,AAP,114,247,54.65,133,29.42,40,8.85,24,5.31,373,BJP,120,86,23.06,54,14.48,206,55.23,15,4.02,-161,-31.59,-14.94,49.92,-4.83,-79,-17.48
64,"Gali Mangal Singh, Nagar Nigam Amritsar, Ward No. 46 + Akhara Chhat Wala, Nagar Nigam Amritsar, Ward No 46 + Sarai Guru Ramdas, Nagar Nigam Amritsar, Ward No. 46 + Budh Boota Market, Nagar Nigam Amritsar, Ward No. 46 + Madho Singh Road Gali No. 1, Nagar Nigam Amritsar, Ward No. 46 + Gali Sodhiyan, Nagar Nigam Amritsar, Ward No. 46 + Mahana Singh Road, Gali No 2, Nagar Nigam Amritsar, Ward No. 46 + Gali Thuthan Wali, Chowk Parag Das Nagar Nigam Amritsar Ward 46 + Akhara Budh Boota, Nagar Nigam Amritsar, Ward No. 46 + Dhobi Bazar, Nagar Nigam Amritsar, Ward No. 46 + Gali Samadhiyan, Nagar Nigam Amritsar, Ward No. 46 + Bazar Sarai, Guru Ramdas, Nagar Nigam Amritsar, Ward No. 46 + Gali Pujariyan Nede Bijli Ghar, Nagar Nigam Ward No. 46 Amritsar","ਗਲੀ ਮੰਗਲ ਸਿੰਘ, ਨਗਰ ਨਿਗਮ ਅੰਮ੍ਰਿਤਸਰ, ਵਾਰਡ ਨੰ. 46 + ਅਖਾੜਾ ਛੱਤ ਵਾਲਾ, ਨਗਰ ਨਿਗਮ ਅੰਮ੍ਰਿਤਸਰ, ਵਾਰਡ ਨੰ 46 + ਸਰਾਏ ਗੁਰੂ ਰਾਮਦਾਸ,ਨਗਰ ਨਿਗਮ ਅੰਮ੍ਰਿਤਸਰ, ਵਾਰਡ ਨੰ. 46 + ਬੂਧ ਬੂਟਾ ਮਾਰਕਿਟ,ਨਗਰ ਨਿਗਮ ਅੰਮ੍ਰਿਤਸਰ, ਵਾਰਡ ਨੰ.46 + ਮਾਧੋ ਸਿੰਘ ਰੋਡ ਗਲੀ ਨੰ. 1, ਨਗਰ ਨਿਗਮ ਅੰਮ੍ਰਿਤਸਰ, ਵਾਰਡ ਨੰ.46 + ਗਲੀ ਸੋਢੀਆਂ, ਨਗਰ ਨਿਗਮ ਅੰਮ੍ਰਿਤਸਰ, ਵਾਰਡ ਨੰ. 46 + ਮਹਾਣਾ ਸਿੰਘ ਰੋਡ, ਗਲੀ ਨੰ 2, ਨਗਰ ਨਿਗਮ ਅੰਮ੍ਰਿਤਸਰ, ਵਾਰਡ ਨੰ.46 + ਗਲੀ ਠੂਠਾਂ ਵਾਲੀ, ਚੌਕ ਪਰਾਗ ਦਾਸ ਨਗਰ ਨਿਗਮ ਅੰਮ੍ਰਿਤਸਰ ਵਾਰਡ 46 + ਅਖਾੜਾ ਬੂਧ ਬੂਟਾ, ਨਗਰ ਨਿਗਮ ਅੰਮ੍ਰਿਤਸਰ, ਵਾਰਡ ਨੰ.46 + ਧੋਬੀ ਬਾਜ਼ਾਰ, ਨਗਰ ਨਿਗਮ ਅੰਮ੍ਰਿਤਸਰ, ਵਾਰਡ ਨੰ.46 + ਗਲੀ ਸਮਾਧੀਆਂ,ਨਗਰ ਨਿਗਮ ਅੰਮ੍ਰਿਤਸਰ, ਵਾਰਡ ਨੰ.46 + ਬਾਜ਼ਾਰ ਸਰਾਏ, ਗੁਰੂ ਰਾਮਦਾਸ, ਨਗਰ ਨਿਗਮ ਅੰਮ੍ਰਿਤਸਰ, ਵਾਰਡ ਨੰ. 46 + ਗਲੀ ਪੁਜਾਰੀਆਂ ਨੇੜੇ ਬਿਜਲੀ ਘਰ, ਨਗਰ ਨਿਗਮ ਵਾਰਡ ਨੰ. 46 ਅੰਮ੍ਰਿਤਸਰ",Won Both Times (Stronghold),428,AAP,164,273,63.79,36,8.41,109,25.47,3,0.7,336,AAP,56,134,39.88,78,23.21,72,21.43,32,9.52,-139,-23.91,14.8,20.73,-15.95,-92,-21.5
65,"Gali Thaiyan Nagar Nigam Amritsar, Ward No. 46 + Chowk Lachhmansar to Chowk Baba Sahib (Bagichi Seth Tara Chand), Nagar Nigam Amritsar, Ward No. 46 + Chowk Lachhmansar to Chowk Baba Sahib, Nagar Nigam Amritsar, Ward No. 46 + Gali Dabariya Wali, Nagar Nigam Amritsar, Ward No. 46 + Chowk Moni to Chowk Katri, Nagar Nigam Amritsar, Ward No. 46","ਗਲੀ ਥਾਈਆਂ ਨਗਰ ਨਿਗਮ ਅੰਮ੍ਰਿਤਸਰ, ਵਾਰਡ ਨੰ. 46 + ਚੌਕ ਲਛਮਣਸਰ ਤੋਂ ਚੌਕ ਬਾਬਾ ਸਾਹਿਬ (ਬਗੀਚੀ ਸੇਠ ਤਾਰਾ ਚੰਦ), ਨਗਰ ਨਿਗਮ ਅੰਮ੍ਰਿਤਸਰ, ਵਾਰਡ ਨੰ. 46 + ਚੌਕ ਲਛਮਣਸਰ ਤੋਂ ਚੌਕ ਬਾਬਾ ਸਾਹਿਬ, ਨਗਰ ਨਿਗਮ ਅੰਮ੍ਰਿਤਸਰ, ਵਾਰਡ ਨੰ. 46 + ਗਲੀ ਡਾਬੜਿਆ ਵਾਲੀ, ਨਗਰ ਨਿਗਮ ਅੰਮ੍ਰਿਤਸਰ, ਵਾਰਡ ਨੰ. 46 + ਚੌਕ ਮੋਨੀ ਤੋਂ ਚੌਕ ਕਟੜੀ, ਨਗਰ ਨਿਗਮ ਅੰਮ੍ਰਿਤਸਰ, ਵਾਰਡ ਨੰ. 46",Won Both Times (Stronghold),458,AAP,176,271,59.17,67,14.63,95,20.74,8,1.75,363,AAP,96,163,44.9,65,17.91,67,18.46,54,14.88,-108,-14.27,3.28,16.71,-5.86,-95,-20.74
66,"Kot Baba Deep Singh Gali No. 2, Nagar Nigam, Amritsar, Ward No. 47 + Kot Baba Deep Singh Gali No. 3, Nagar Nigam Amritsar, Ward No. 47 + Kot Baba Deep Singh Gali No. 4, Nagar Nigam Amritsar, Ward No. 47","ਕੋਟ ਬਾਬਾ ਦੀਪ ਸਿੰਘ ਗਲੀ ਨੰ. 2,ਨਗਰ ਨਿਗਮ . ਅੰਮ੍ਰਿਤਸਰ, ਵਾਰਡ ਨੰ. 47 + ਕੋਟ ਬਾਬਾ ਦੀਪ ਸਿੰਘ ਗਲੀ ਨੰ. 3, ਨਗਰ ਨਿਗਮ ਅੰਮ੍ਰਿਤਸਰ, ਵਾਰਡ ਨੰ. 47 + ਕੋਟ ਬਾਬਾ ਦੀਪ ਸਿੰਘ ਗਲੀ ਨੰ.4, ਨਗਰ ਨਿਗਮ ਅੰਮ੍ਰਿਤਸਰ, ਵਾਰਡ ਨੰ. 47",Won Both Times (Stronghold),614,AAP,296,391,63.68,92,14.98,95,15.47,7,1.14,481,AAP,48,163,33.89,95,19.75,115,23.91,78,16.22,-228,-29.79,4.77,22.77,0.75,-133,-21.66
67,"Kot Baba Deep Singh Gali No. 4, Nagar Nigam Amritsar, Ward No. 47 + Guru Ramdas Nagar Gali No. 1, Nagar Nigam Amritsar, Ward No. 47 + Kot Baba Deep Singh Gali No. 5, Nagar Nigam Amritsar, Ward No. 47 + Guru Ramdas Nagar Gali No. 3, Nagar Nigam Amritsar, Ward No. 47","ਕੋਟ ਬਾਬਾ ਦੀਪ ਸਿੰਘ ਗਲੀ ਨੰ. 4, ਨਗਰ ਨਿਗਮ ਅੰਮ੍ਰਿਤਸਰ, ਵਾਰਡ ਨੰ. 47 + ਗੁਰੂ ਰਾਮਦਾਸ ਨਗਰ ਗਲੀ ਨੰ. 1, ਨਗਰ ਨਿਗਮ ਅੰਮ੍ਰਿਤਸਰ, ਵਾਰਡ ਨੰ. 47 + ਕੋਟ ਬਾਬਾ ਦੀਪ ਸਿੰਘ ਗਲੀ ਨੰ. 5, ਨਗਰ ਨਿਗਮ ਅੰਮ੍ਰਿਤਸਰ, ਵਾਰਡ ਨੰ. 47 + ਗੁਰੂ ਰਾਮਦਾਸ ਨਗਰ ਗਲੀ ਨੰ. 3, ਨਗਰ ਨਿਗਮ ਅੰਮ੍ਰਿਤਸਰ, ਵਾਰਡ ਨੰ. 47",Won Both Times (Stronghold),613,AAP,237,369,60.2,93,15.17,132,21.53,3,0.49,487,AAP,126,234,48.05,108,22.18,51,10.47,71,14.58,-135,-12.15,7.01,9.98,-6.95,-126,-20.55
68,"Guru Ramdas Nagar Gali No. 4, Nagar Nigam Amritsar, Ward No. 47 + Kot Baba Deep Singh Gali No 6 Nagar Nigam Amritsar, Ward No. 47 + Guru Ramdas Nagar Gali No. 2, Nagar Nigam. Amritsar, Ward No 47","ਗੁਰੂ ਰਾਮਦਾਸ ਨਗਰ ਗਲੀ ਨੰ. 4, ਨਗਰ ਨਿਗਮ ਅੰਮ੍ਰਿਤਸਰ, ਵਾਰਡ ਨੰ. 47 + ਕੋਟ ਬਾਬਾ ਦੀਪ ਸਿੰਘ ਗਲੀ ਨੰ 6 ਨਗਰ ਨਿਗਮ ਅੰਮ੍ਰਿਤਸਰ, ਵਾਰਡ ਨੰ. 47 + ਗੁਰੂ ਰਾਮਦਾਸ ਨਗਰ ਗਲੀ ਨੰ. 2,ਨਗਰ ਨਿਗਮ. ਅੰਮ੍ਰਿਤਸਰ, ਵਾਰਡ ਨੰ 47",Won Both Times (Stronghold),727,AAP,74,294,40.44,220,30.26,199,27.37,6,0.83,559,AAP,53,225,40.25,172,30.77,52,9.3,82,14.67,-69,-0.19,0.51,8.47,-12.7,-168,-23.11
69,"Bahadur Nagar Sultan Pind Road (Right Side), Nagar Nigam Amritsar, Ward No. 47 + Kot Baba Deep Singh Gali No. 7, Nagar Nigam Amritsar, Ward No. 47","ਬਹਾਦਰ ਨਗਰ ਸੁਲਤਾਨ ਪਿੰਡ ਰੋਡ (ਸੱਜਾ ਪਾਸਾ),ਨਗਰ ਨਿਗਮ ਅੰਮ੍ਰਿਤਸਰ, ਵਾਰਡ ਨੰ. 47 + ਕੋਟ ਬਾਬਾ ਦੀਪ ਸਿੰਘ ਗਲੀ ਨੰ. 7, ਨਗਰ ਨਿਗਮ ਅੰਮ੍ਰਿਤਸਰ, ਵਾਰਡ ਨੰ. 47",Won Both Times (Stronghold),591,AAP,235,362,61.25,78,13.2,127,21.49,14,2.37,458,AAP,86,187,40.83,90,19.65,101,22.05,51,11.14,-175,-20.42,6.45,19.68,-10.35,-133,-22.5
70,"Sardarpura Sultanwind Road, Nagar Nigam Amritsar, Ward No. 47","ਸਰਦਰਪੁਰਾ ਸੁਲਤਾਨਵਿੰਡ ਰੋਡ, ਨਗਰ ਨਿਗਮ ਅੰਮ੍ਰਿਤਸਰ, ਵਾਰਡ ਨੰ. 47",Won Both Times (Stronghold),351,AAP,132,212,60.4,40,11.4,80,22.79,7,1.99,284,AAP,26,110,38.73,84,29.58,43,15.14,23,8.1,-102,-21.67,18.18,13.15,-14.69,-67,-19.09
71,"Nimbu Kot Aatma Ram, Nagar Nigam Amritsar, Ward No. 41 + Kot Aatma Ram, Nagar Nigam Amritsar, Ward No. 41","ਨਿੰਬੂ ਕੋਟ ਆਤਮਾ ਰਾਮ, ਨਗਰ ਨਿਗਮ ਅੰਮ੍ਰਿਤਸਰ, ਵਾਰਡ ਨੰ. 41 + ਕੋਟ ਆਤਮਾ ਰਾਮ,ਨਗਰ ਨਿਗਮ ਅੰਮ੍ਰਿਤਸਰ, ਵਾਰਡ ਨੰ. 41",Won Both Times (Stronghold),741,AAP,276,434,58.57,120,16.19,158,21.32,8,1.08,590,AAP,36,224,37.97,188,31.86,50,8.47,84,14.24,-210,-20.6,15.67,7.39,-7.08,-151,-20.38
72,"Nimbu Kot Aatma Ram Gali No. 2, Nagar Nigam, Amritsar, Ward No. 41","ਨਿੰਬੂ ਕੋਟ ਆਤਮਾ ਰਾਮ ਗਲੀ ਨੰ. 2, ਨਗਰ ਨਿਗਮ, ਅੰਮ੍ਰਿਤਸਰ, ਵਾਰਡ ਨੰ. 41",Lost in 2024 (to INC),794,AAP,254,432,54.41,178,22.42,162,20.4,7,0.88,681,INC,67,219,32.16,286,42.0,50,7.34,78,11.45,-213,-22.25,19.58,6.46,-8.95,-113,-14.23
73,"New Shaheed Udham Singh Nagar gali.2, Nagar Nigam, Amritsar, Ward No. 43 + New Kapoor Nagar, Gali No.6, Nagar Nigam Amritsar.Ward No.40","ਨਿਊ ਸ਼ਹੀਦ ਊਧਮ ਸਿੰਘ ਨਗਰ ਗਲੀ.2, ਨਗਰ ਨਿਗਮ, ਅੰਮ੍ਰਿਤਸਰ, ਵਾਰਡ ਨੰ. 43 + ਨਿਊ ਕਪੂਰ ਨਗਰ, ਗਲੀ ਨੰ.6, ਨਗਰ ਨਿਗਮ ਅੰਮ੍ਰਿਤਸਰ.ਵਾਰਡ ਨੰ.40",Won Both Times (Stronghold),668,AAP,232,394,58.98,92,13.77,162,24.25,2,0.3,486,AAP,100,225,46.3,125,25.72,31,6.38,70,14.4,-169,-12.68,11.95,6.08,-9.85,-182,-27.25
74,"New Shaheed Udham Singh Nagar Gali.2, Nagar Nigam Amritsar, Ward No. 43 + New Kapur Nagar Gali No. 6, Nagar Nigam Amritsar, Ward No. 40","ਨਿਊ ਸ਼ਹੀਦ ਊਧਮ ਸਿੰਘ ਨਗਰ ਗਲੀ.2, ਨਗਰ ਨਿਗਮ ਅੰਮ੍ਰਿਤਸਰ, ਵਾਰਡ ਨੰ. 43 + ਨਿਊ ਕਪੂਰ ਨਗਰ ਗਲੀ ਨੰ. 6, ਨਗਰ ਨਿਗਮ ਅੰਮ੍ਰਿਤਸਰ, ਵਾਰਡ ਨੰ 40 + ਨਿਊ ਕਪੂਰ ਨਗਰ ਗਲੀ ਨੰ. 6, ਨਗਰ ਨਿਗਮ ਅੰਮ੍ਰਿਤਸਰ, ਵਾਰਡ ਨੰ. 40",Won Both Times (Stronghold),670,AAP,196,363,54.18,108,16.12,167,24.93,10,1.49,521,AAP,150,244,46.83,87,16.7,56,10.75,94,18.04,-119,-7.35,0.58,9.26,-6.89,-149,-22.24
75,"New Kapoor Nagar Sultan Pind Road Gali No. 1,2,3,4,5, Nagar Nigam Amritsar, Ward No. 40 + New Kapoor Nagar Barf Karkhane Vali Gali, Nagar Nigam Amritsar, Ward No. 40 + New Kapoor Nagar Gali No. 6, Nagar Nigam Amritsar, Ward No. 40","ਨਿਊ ਕਪੂਰ ਨਗਰ ਸੁਲਤਾਨ ਪਿੰਡ ਰੋਡ ਗਲੀ ਨੰ.1,2,3,4,5, ਨਗਰ ਨਿਗਮ ਅੰਮ੍ਰਿਤਸਰ, ਵਾਰਡ ਨੰ.40 + ਨਿਊ ਕਪੂਰ ਨਗਰ ਬਰਫ ਕਾਰਖਾਨੇ ਵਾਲੀ ਗਲੀ, ਨਗਰ ਨਿਗਮ ਅੰਮ੍ਰਿਤਸਰ, ਵਾਰਡ ਨੰ. 40 + ਨਿਊ ਕਪੂਰ ਨਗਰ ਗਲੀ ਨੰ. 6,ਨਗਰ ਨਿਗਮ ਅੰਮ੍ਰਿਤਸਰ, ਵਾਰਡ ਨੰ. 40",Won Both Times (Stronghold),730,AAP,286,438,60.0,108,14.79,152,20.82,7,0.96,458,AAP,142,239,52.18,97,21.18,44,9.61,30,6.55,-199,-7.82,6.39,8.65,-14.27,-272,-37.26
76,"Guru Nanak Nagar, Nagar Nigam Amritsar, Ward No. 42 + Kot Gurmeet Nagar, Nagar Nigam, Amritsar, Ward No. 41 + Kot Salig Ram, Nagar Nigam Amritsar, Ward No. 41 + Shaheed Udham Singh Nagar Gali No.4, Nagar Nigam, Amritsar, Ward No. 43 + New Shaheed Udham Singh Nagar Gali No.2, Nagar Nigam Amritsar, Ward No. 43 + Guru Nanak Nirankari Colony, Sultanwind Road, Nagar Nigam Ward No. 40 + New Shaheed Udham Singh Nagar Mehar Wala Bazar No.3, Nagar Nigam Ward 43 Amritsar","ਗੁਰੂ ਨਾਨਕ ਨਗਰ, ਨਗਰ ਨਿਗਮ ਅੰਮ੍ਰਿਤਸਰ, ਵਾਰਡ ਨੰ. 42 + ਕੋਟ ਗੁਰਮੀਤ ਨਗਰ, ਨਗਰ ਨਿਗਮ, ਅੰਮ੍ਰਿਤਸਰ, ਵਾਰਡ ਨੰ. 41 + ਕੋਟ ਸਾਲਿਗ ਰਾਮ, ਨਗਰ ਨਿਗਮ ਅੰਮ੍ਰਿਤਸਰ, ਵਾਰਡ ਨੰ. 41 + ਸ਼ਹੀਦ ਊਧਮ ਸਿੰਘ ਨਗਰ ਗਲੀ ਨੰ.4, ਨਗਰ ਨਿਗਮ, ਅੰਮ੍ਰਿਤਸਰ, ਵਾਰਡ ਨੰ. 43 + ਨਿਊ ਸ਼ਹੀਦ ਊਧਮ ਸਿੰਘ ਨਗਰ ਗਲੀ ਨੰ.2, ਨਗਰ ਨਿਗਮ ਅੰਮ੍ਰਿਤਸਰ, ਵਾਰਡ ਨੰ. 43 + ਗੁਰੂ ਨਾਨਕ ਨਿਰੰਕਾਰੀ ਕਲੋਨੀ, ਸੁਲਤਾਨਵਿੰਡ ਰੋਡ, ਨਗਰ ਨਿਗਮ ਵਾਰਡ ਨੰ. 40 + ਨਿਊ ਸ਼ਹੀਦ ਊਧਮ ਸਿੰਘ ਨਗਰ ਮੇਂਹਰ ਵਾਲਾ ਬਾਜ਼ਾਰ ਨੰ.3, ਨਗਰ ਨਿਗਮ ਵਾਰਡ 43 ਅੰਮ੍ਰਿਤਸਰ",Won Both Times (Stronghold),678,AAP,148,353,52.06,86,12.68,205,30.24,11,1.62,478,AAP,65,182,38.08,117,24.48,36,7.53,90,18.83,-171,-13.98,11.8,5.91,-11.41,-200,-29.5
77,"Shaheed Udham Singh Nagar Gali No.6, Nagar Nigam Amritsar, Ward No. 43 + Shaheed Udham Singh Nagar Gali No.5, Nagar Nigam Amritsar, Ward No. 43 + New Shaheed Udham Singh Nagar Mandir Wala Bazar No.3, Nagar Nigam Ward No.43 Amritsar","ਸ਼ਹੀਦ ਊਧਮ ਸਿੰਘ ਨਗਰ ਗਲੀ ਨੰ.6, ਨਗਰ ਨਿਗਮ ਅੰਮ੍ਰਿਤਸਰ, ਵਾਰਡ ਨੰ. 43 + ਸ਼ਹੀਦ ਊਧਮ ਸਿੰਘ ਨਗਰ ਗਲੀ ਨੰ.5, ਨਗਰ ਨਿਗਮ ਅੰਮ੍ਰਿਤਸਰ, ਵਾਰਡ ਨੰ. 43 + ਨਿਊ ਸ਼ਹੀਦ ਊਧਮ ਸਿੰਘ ਨਗਰ ਮੰਦਰ ਵਾਲਾ ਬਾਜ਼ਾਰ ਨੰ.3, ਨਗਰ ਨਿਗਮ ਵਾਰਡ ਨੰ.43 ਅੰਮ੍ਰਿਤਸਰ",Won Both Times (Stronghold),651,AAP,243,384,58.99,106,16.28,141,21.66,10,1.54,503,AAP,87,212,42.15,125,24.85,41,8.15,77,15.31,-172,-16.84,8.57,6.61,-6.35,-148,-22.73
78,"Shaheed Udham Singh Nagar Gali No. 5, Nagar Nigam Amritsar, Ward No. 43 + Shaheed Udham Singh Nagar Gali No. 3, Nagar Nigam Amritsar, Ward No. 43 + Shaheed Udham Singh Nagar Gali No. 6, Nagar Nigam Amritsar, Ward No. 43 + Shaheed Udham Singh Nagar Gali No. 4, Nagar Nigam Amritsar, Ward No. 43 + Shaheed Udham Singh Nagar Bazar No. 5, Nagar Nigam Amritsar, Ward No. 43 + Shaheed Udham Singh Nagar Mandir Wala Bazar Gali No. 8, Nagar Nigam Amritsar, Ward No. 43 + Shaheed Udham Singh Nagar No. 7, Nagar Nigam Amritsar, Ward No. 43","ਸ਼ਹੀਦ ਉਧਮ ਸਿੰਘ ਨਗਰ ਗਲੀ.5, ਨਗਰ ਨਿਗਮ ਅੰਮ੍ਰਿਤਸਰ, ਵਾਰਡ ਨੰ. 43 + ਸ਼ਹੀਦ ਉਧਮ ਸਿੰਘ ਨਗਰ ਗਲੀ ਨੰ.3, ਨਗਰ ਨਿਗਮ ਅੰਮ੍ਰਿਤਸਰ, ਵਾਰਡ ਨੰ. 43 + ਸ਼ਹੀਦ ਉਧਮ ਸਿੰਘ ਨਗਰ ਗਲੀ ਨੰ.6, ਨਗਰ ਨਿਗਮ ਅੰਮ੍ਰਿਤਸਰ, ਵਾਰਡ ਨੰ. 43 + ਸ਼ਹੀਦ ਉਧਮ ਸਿੰਘ ਨਗਰ ਗਲੀ ਨੰ. 4, ਨਗਰ ਨਿਗਮ ਅੰਮ੍ਰਿਤਸਰ, ਵਾਰਡ ਨੰ. 43 + ਸ਼ਹੀਦ ਉਧਮ ਸਿੰਘ ਨਗਰ ਬਾਜ਼ਾਰ ਨੰ.5, ਨਗਰ ਨਿਗਮ ਅੰਮ੍ਰਿਤਸਰ, ਵਾਰਡ ਨੰ. 43 + ਸ਼ਹੀਦ ਉਧਮ ਸਿੰਘ ਨਗਰ ਮੰਦਰ ਵਾਲਾ ਬਾਜ਼ਾਰ ਗਲੀ.ਨੰ 8, ਨਗਰ ਨਿਗਮ ਅੰਮ੍ਰਿਤਸਰ, ਵਾਰਡ ਨੰ. 43 + ਸ਼ਹੀਦ ਉਧਮ ਸਿੰਘ ਨਗਰ ਨੰ. 7, ਨਗਰ ਨਿਗਮ ਅੰਮ੍ਰਿਤਸਰ, ਵਾਰਡ ਨੰ. 43",Won Both Times (Stronghold),712,AAP,222,400,56.18,107,15.03,178,25.0,3,0.42,604,AAP,78,230,38.08,152,25.17,82,13.58,95,15.73,-170,-18.1,10.14,13.16,-9.27,-108,-15.17
79,"New Shaheed Udham Singh Nagar Mandir Wala Bazar Gali No. 8, Nagar Nigam Amritsar, Ward No. 43 + New Shaheed Udham Singh Nagar Gali No. 3, Nagar Nigam Amritsar, Ward No. 43 + Shaheed Udham Singh Nagar Bazar No. 5, Nagar Nigam Amritsar, Ward No. 43","ਨਿਊ ਸ਼ਹੀਦ ਊਧਮ ਸਿੰਘ ਨਗਰ ਮੰਦਰ ਵਾਲਾ ਬਾਜ਼ਾਰ ਗਲੀ ਨੰ 8, ਨਗਰ ਨਿਗਮ ਅੰਮ੍ਰਿਤਸਰ, ਵਾਰਡ ਨੰ. 43 + ਨਿਊ ਸ਼ਹੀਦ ਊਧਮ ਸਿੰਘ ਨਗਰ ਗਲੀ ਨੰ. 3, ਨਗਰ ਨਿਗਮ ਅੰਮ੍ਰਿਤਸਰ, ਵਾਰਡ ਨੰ. 43 + ਸ਼ਹੀਦ ਊਧਮ ਸਿੰਘ ਨਗਰ ਬਜ਼ਾਰ ਨੰ. 5, ਨਗਰ ਨਿਗਮ ਅੰਮ੍ਰਿਤਸਰ, ਵਾਰਡ ਨੰ. 43",Won Both Times (Stronghold),592,AAP,152,318,53.72,84,14.19,166,28.04,3,0.51,373,AAP,84,157,42.09,69,18.5,73,19.57,53,14.21,-161,-11.63,4.31,19.06,-13.83,-219,-36.99
80,"Jawala Ji Nagar Gali No. 8, Nagar Nigam Amritsar, Ward No. 42 + Kot Karnail Singh, Nagar Nigam Amritsar, Ward No. 42 + Jawala Ji Nagar Gali No. 7, Nagar Nigam Amritsar, Ward No. 42","ਜਵਾਲਾ ਜੀ ਨਗਰ ਗਲੀ ਨੰ. 8,ਨਗਰ ਨਿਗਮ ਅੰਮ੍ਰਿਤਸਰ, ਵਾਰਡ ਨੰ. 42 + ਕੋਟ ਕਰਨੈਲ ਸਿੰਘ, ਨਗਰ ਨਿਗਮ ਅੰਮ੍ਰਿਤਸਰ, ਵਾਰਡ ਨੰ. 42 + ਜਵਾਲਾ ਜੀ ਨਗਰ ਗਲੀ ਨੰ. 7,ਨਗਰ ਨਿਗਮ ਅੰਮ੍ਰਿਤਸਰ, ਵਾਰਡ ਨੰ. 42",Won Both Times (Stronghold),754,AAP,227,404,53.58,143,18.97,177,23.47,9,1.19,510,AAP,35,189,37.06,154,30.2,63,12.35,69,13.53,-215,-16.52,11.23,11.16,-9.94,-244,-32.36
81,"Bazar No. 3 Tej Nagar, Nagar Nigam, Amritsar Ward No. 42 + Bazar No. 2 Tej Nagar Sultanwind Road, Nagar Nigam Amritsar Ward No. 42 + New Tej Nagar, Nagar Nigam, Amritsar Ward No. 42 + Main Bazar Tej Nagar, Nagar Nigam Amritsar Ward No. 42 + Bazar No. 1 Tej Nagar Sultanwind Road, Nagar Nigam Amritsar Ward No. 42","ਬਾਜ਼ਾਰ ਨੰ. 3 ਤੇਜ ਨਗਰ, ਨਗਰ ਨਿਗਮ, ਅੰਮ੍ਰਿਤਸਰ ਵਾਰਡ ਨੰ. 42 + ਬਾਜ਼ਾਰ ਨੰ. 2 ਤੇਜ ਨਗਰ ਸੁਲਤਾਨਵਿੰਡ ਰੋਡ, ਨਗਰ ਨਿਗਮ ਅੰਮ੍ਰਿਤਸਰ ਵਾਰਡ ਨੰ. 42 + ਨਿਊ ਤੇਜ ਨਗਰ, ਨਗਰ ਨਿਗਮ, ਅੰਮ੍ਰਿਤਸਰ ਵਾਰਡ ਨੰ. 42 + ਮੇਨ ਬਾਜ਼ਾਰ ਤੇਜ ਨਗਰ, ਨਗਰ ਨਿਗਮ ਅੰਮ੍ਰਿਤਸਰ ਵਾਰਡ ਨੰ. 42 + ਬਾਜ਼ਾਰ ਨੰ. 1 ਤੇਜ ਨਗਰ ਸੁਲਤਾਨਵਿੰਡ ਰੋਡ, ਨਗਰ ਨਿਗਮ ਅੰਮ੍ਰਿਤਸਰ ਵਾਰਡ ਨੰ. 42",Won Both Times (Stronghold),524,AAP,90,256,48.85,79,15.08,166,31.68,1,0.19,383,AAP,52,151,39.43,78,20.37,24,6.27,99,25.85,-105,-9.42,5.29,6.08,-5.83,-141,-26.91
82,"New Shaheed Udham Singh Nagar Street No. 4, Municipal Corporation Amritsar, Ward No. 43","ਨਿਊ ਸ਼ਹੀਦ ਊਧਮ ਸਿੰਘ ਨਗਰ ਗਲੀ ਨੰ.4,ਨਗਰ ਨਿਗਮ ਅੰਮ੍ਰਿਤਸਰ, ਵਾਰਡ ਨੰ. 43",Won Both Times (Stronghold),494,AAP,73,243,49.19,50,10.12,170,34.41,1,0.2,359,AAP,35,142,39.55,51,14.21,21,5.85,107,29.81,-101,-9.64,4.09,5.65,-4.6,-135,-27.33
83,"New Shaheed Udham Singh Gali No. 3, Nagar Nigam Amritsar, Ward No. 43 + New Shaheed Udham Singh Gali No. 2 Nagar Nigam Amritsar, Ward No. 43","ਨਿਊ ਸ਼ਹੀਦ ਊਧਮ ਸਿੰਘ ਗਲੀ ਨੰ. 3, ਨਗਰ ਨਿਗਮ ਅੰਮ੍ਰਿਤਸਰ, ਵਾਰਡ ਨੰ. 43 + ਨਿਊ ਸ਼ਹੀਦ ਊਧਮ ਸਿੰਘ ਗਲੀ ਨੰ. 2 ਨਗਰ ਨਿਗਮ ਅੰਮ੍ਰਿਤਸਰ, ਵਾਰਡ ਨੰ. 43",Won Both Times (Stronghold),457,AAP,198,294,64.33,54,11.82,96,21.01,7,1.53,325,AAP,96,161,49.54,65,20.0,50,15.38,30,9.23,-133,-14.79,8.18,13.85,-11.78,-132,-28.88
84,"Habib Pura Gali No. 2, 3, 4, 9 Nagar Nigam Amritsar, Ward No. 47 + Kot Harnam Das, Nagar Nigam Amritsar, Ward No. 42 + Habib Pura Sultan Wind Road, Nagar Nigam Amritsar, Ward No. 47","ਹਬੀਬ ਪুরা ਗਲੀ ਨੰ. 2, 3, 4, 9 ਨਗਰ ਨਿਗਮ ਅੰਮ੍ਰਿਤਸਰ, ਵਾਰਡ ਨੰ. 47 + ਕੋਟ ਹਰਨਾਮ ਦਾਸ, ਨਗਰ ਨਿਗਮ ਅੰਮ੍ਰਿਤਸਰ, ਵਾਰਡ ਨੰ. 42 + ਹਬੀਬ ਪੁਰਾ ਸੁਲਤਾਨ ਵਿੰਡ ਰੋਡ, ਨਗਰ ਨਿਗਮ ਅੰਮ੍ਰਿਤਸਰ, ਵਾਰਡ ਨੰ. 47",Won Both Times (Stronghold),662,AAP,316,436,65.86,91,13.75,120,18.13,4,0.6,543,AAP,148,257,47.33,109,20.07,48,8.84,103,18.97,-179,-18.53,6.32,8.24,0.84,-119,-17.98
85,"Habib Pura, Nagar Nigam Amritsar, Ward No 47 + Kot Harnam Das Bhag No.2, Nagar Nigam, Amritsar, Ward No. 42 + Teerth Pura Main Bazar, Nagar Nigam Amritsar, Ward No.47 + Ram Singh Gali No. 2, Nagar Nigam Amritsar, Ward No.47 + Sant Chandan Singh Colony, Nagar Nigam Amritsar, Ward No. 42 + Ram Singh Colony, Gali No. 1, Nagar Nigam Amritsar, Ward No. 42 + Bagihee Mahanta, Nagar Nigam Amritsar, Ward No.47","ਹਬੀਬ ਪੁਰਾ, ਨਗਰ ਨਿਗਮ ਅੰਮ੍ਰਿਤਸਰ, ਵਾਰਡ ਨੰ 47 + ਕੋਟ ਹਰਨਾਮ ਦਾਸ ਭਾਗ ਨੰ.2, ਨਗਰ ਨਿਗਮ, ਅੰਮ੍ਰਿਤਸਰ, ਵਾਰਡ ਨੰ. 42 + ਤੀਰਥ ਪੁਰਾ ਮੇਨ ਬਜਾਰ, ਨਗਰ ਨਿਗਮ ਅੰਮ੍ਰਿਤਸਰ, ਵਾਰਡ ਨੰ.47 + ਰਾਮ ਸਿੰਘ ਗਲੀ ਨੰ. 2, ਨਗਰ ਨਿਗਮ ਅੰਮ੍ਰਿਤਸਰ, ਵਾਰਡ ਨੰ.47 + ਸੰਤ ਚੰਦਨ ਸਿੰਘ ਕਲੋਨੀ, ਨਗਰ ਨਿਗਮ ਅੰਮ੍ਰਿਤਸਰ, ਵਾਰਡ ਨੰ. 42 + ਰਾਮ ਸਿੰਘ ਕਲੋਨੀ, ਗਲੀ ਨੰ. 1, ਨਗਰ ਨਿਗਮ ਅੰਮ੍ਰਿਤਸਰ, ਵਾਰਡ ਨੰ. 42 + ਬਗੀਚੀ ਮਹੰਤਾ, ਨਗਰ ਨਿਗਮ ਅੰਮ੍ਰਿਤਸਰ, ਵਾਰਡ ਨੰ.47",Won Both Times (Stronghold),697,AAP,247,423,60.69,82,11.76,176,25.25,3,0.43,560,AAP,91,252,45.0,161,28.75,54,9.64,63,11.25,-171,-15.69,16.99,9.21,-14.0,-137,-19.66
86,"Kot Aatma Ram Sultanwind Road, Nagar Nigam Amritsar, Ward No. 41","ਕੋਟ ਆਤਮਾ ਰਾਮ ਸੁਲਤਾਨਵਿੰਡ ਰੋਡ, ਨਗਰ ਨਿਗਮ ਅੰਮ੍ਰਿਤਸਰ, ਵਾਰਡ ਨੰ. 41",Won Both Times (Stronghold),771,AAP,302,470,60.96,112,14.53,168,21.79,1,0.13,603,AAP,81,258,42.79,177,29.35,64,10.61,67,11.11,-212,-18.17,14.82,10.48,-10.68,-168,-21.79
87,"Amiyadarjit Purana Dhobi Ghat, Nagar Nigam Amritsar, Ward No. 41 + Kot Atma Ram, Nagar Nigam, Amritsar, Ward No. 41 + Kot Salig Ram, Nagar Nigam, Amritsar, Ward No. 41","ਅਮਿਅਦਰਜੀਤ ਪੁਰਾਣਾ ਧੋਬੀ ਘਾਟ, ਨਗਰ ਨਿਗਮ ਅੰਮ੍ਰਿਤਸਰ, ਵਾਰਡ ਨੰ. 41 + ਕੋਟ ਆਤਮਾ ਰਾਮ, ਨਗਰ ਨਿਗਮ, ਅੰਮ੍ਰਿਤਸਰ, ਵਾਰਡ ਨੰ 41 + ਕੋਟ ਸਾਲਿਗ ਰਾਮ,ਨਗਰ ਨਿਗਮ. ਅੰਮ੍ਰਿਤਸਰ, ਵਾਰਡ ਨੰ.41",Won Both Times (Stronghold),226,AAP,105,143,63.27,29,12.83,38,16.81,8,3.54,175,AAP,30,71,40.57,41,23.43,41,23.43,15,8.57,-72,-22.7,10.6,19.89,-8.24,-51,-22.57
88,"Bhagat Singh Pura, Nagar Nigam Amritsar, Ward No. 41 + Dasmesh Colony, Nagar Nigam Amritsar, Ward No. 41 + Juhri Sultanwind Road, Nagar Nigam Amritsar, Ward No. 41","ਭਗਤ ਸਿੰਘ ਪੁਰਾ, ਨਗਰ ਨਿਗਮ ਅੰਮ੍ਰਿਤਸਰ, ਵਾਰਡ ਨੰ. 41 + ਦਸਮੇਸ਼ ਕਲੋਨੀ,, ਨਗਰ ਨਿਗਮ ਅੰਮ੍ਰਿਤਸਰ, ਵਾਰਡ ਨੰ.41 + ਜੁਹੜੀ ਸੁਲਤਾਨਵਿੰਡ ਰੋਡ, ਨਗਰ ਨਿਗਮ ਅੰਮ੍ਰਿਤਸਰ, ਵਾਰਡ ਨੰ.41.",Won Both Times (Stronghold),599,AAP,231,351,58.6,107,17.86,120,20.03,3,0.5,438,AAP,57,182,41.55,125,28.54,43,9.82,63,14.38,-169,-17.05,10.68,9.32,-5.65,-161,-26.88
89,"Shaheed Udham Singh Gali No.1, Nagar Nigam Amritsar, Ward No. 43 + Shaheed Udham Singh Nagar Gali No. 5, Nagar Nigam Amritsar, Ward No. 43","ਸ਼ਹੀਦ ਊਧਮ ਸਿੰਘ ਗਾਲੀ ਨੰ.1, ਨਗਰ ਨਿਗਮ ਅੰਮ੍ਰਿਤਸਰ, ਵਾਰਡ ਨੰ. 43 + ਸ਼ਹੀਦ ਊਧਮ ਸਿੰਘ ਨਗਰ ਗਾਲੀ ਨੰ. 5, ਨਗਰ ਨਿਗਮ ਅੰਮ੍ਰਿਤਸਰ, ਵਾਰਡ ਨੰ. 43",Won Both Times (Stronghold),497,AAP,221,310,62.37,68,13.68,89,17.91,5,1.01,351,AAP,43,144,41.03,101,28.77,18,5.13,42,11.97,-166,-21.34,15.09,4.12,-5.94,-146,-29.38
90,"Shaheed Udham Singh Nagar Gali No.3, Nagar Nigam Amritsar, Ward No. 43","ਸ਼ਹੀਦ ਉਧਮ ਸਿੰਘ ਨਗਰ ਗਲੀ ਨੰ.3, ਨਗਰ ਨਿਗਮ ਅੰਮ੍ਰਿਤਸਰ, ਵਾਰਡ ਨੰ. 43",Won Both Times (Stronghold),730,AAP,251,430,58.9,94,12.88,179,24.52,5,0.68,492,AAP,115,214,43.5,99,20.12,50,10.16,97,19.72,-216,-15.4,7.24,9.48,-4.8,-238,-32.6
91,"Gaali No.6 Shaheed Udham Singh Nagar, Nagar Nigam Amritsar, Ward No. 43 + Shaheed Udham Singh Gaali No.2, Nagar Nigam Amritsar, Ward No 43","ਗਾਲੀ ਨੰ.6 ਸ਼ਹੀਦ ਉਧਮ ਸਿੰਘ ਨਗਰ, ਨਗਰ ਨਿਗਮ ਅੰਮ੍ਰਿਤਸਰ, ਵਾਰਡ ਨੰ. 43 + ਸ਼ਹੀਦ ਉਧਮ ਸਿੰਘ ਗਾਲੀ ਨੰ.2, ਨਗਰ ਨਿਗਮ ਅੰਮ੍ਰਿਤਸਰ, ਵਾਰਡ ਨੰ 43",Won Both Times (Stronghold),614,AAP,144,316,51.47,105,17.1,172,28.01,3,0.49,390,AAP,62,146,37.44,84,21.54,25,6.41,82,21.03,-170,-14.03,4.44,5.92,-6.98,-224,-36.48
92,"New Shaheed Udham Singh Nagar Gali No. 6, Nagar Nigam Amritsar, Ward No. 43 + New Shaheed Udham Singh Nagar Gali No. 4, Nagar Nigam Amritsar, Ward No. 43 + New Shaheed Udham Singh Nagar Mandir Wala Bazar Gali No. 10, Nagar Nigam Amritsar, Ward No. 43 + New Shaheed Udham Singh Nagar Gali No. 3, Nagar Nigam Amritsar, Ward No. 43","ਨਿਊ ਸ਼ਹੀਦ ਉਧਮ ਸਿੰਘ ਨਗਰ ਗਲੀ ਨੰ. 6, ਨਗਰ ਨਿਗਮ ਅੰਮ੍ਰਿਤਸਰ, ਵਾਰਡ ਨੰ. 43 + ਨਿਊ ਸ਼ਹੀਦ ਉਧਮ ਸਿੰਘ ਨਗਰ ਗਲੀ ਨੰ.4, ਨਗਰ ਨਿਗਮ ਅੰਮ੍ਰਿਤਸਰ, ਵਾਰਡ ਨੰ 43 + ਨਿਊ ਸ਼ਹੀਦ ਉਧਮ ਸਿੰਘ ਨਗਰ ਮੰਦਰ ਵਾਲਾ ਬਾਜ਼ਾਰ ਗਾਲੀ.ਨੰ 10 ,ਨਗਰ ਨਿਗਮ ਅੰਮ੍ਰਿਤਸਰ, ਵਾਰਡ ਨੰ. 43 + ਨਿਊ ਸ਼ਹੀਦ ਉਧਮ ਸਿੰਘ ਨਗਰ ਗਲੀ ਨੰ. 3, ਨਗਰ ਨਿਗਮ ਅੰਮ੍ਰਿਤਸਰ, ਵਾਰਡ ਨੰ. 43",Won Both Times (Stronghold),595,AAP,162,324,54.45,85,14.29,162,27.23,2,0.34,409,AAP,60,145,35.45,85,20.78,50,12.22,79,19.32,-179,-19.0,6.49,11.88,-7.91,-186,-31.26
93,"New Shaheed Udham Singh Nagar Bazar No. 5, Municipal Corporation Amritsar, Ward No. 43 + New Shaheed Udham Singh Nagar Gali No. 3, Municipal Corporation Amritsar, Ward No. 43","ਨਿਊ ਸ਼ਹੀਦ ਉਧਮ ਸਿੰਘ ਨਗਰ ਬਜ਼ਾਰ ਨੰ. 5 , ਨਗਰ ਨਿਗਮ ਅੰਮ੍ਰਿਤਸਰ, ਵਾਰਡ ਨੰ. 43 + ਨਿਊ ਸ਼ਹੀਦ ਉਧਮ ਸਿੰਘ ਨਗਰ ਗਾਲੀ ਨੰ.3 ,ਨਗਰ ਨਿਗਮ ਅੰਮ੍ਰਿਤਸਰ, ਵਾਰਡ ਨੰ. 43 + ਨਿਊ ਸ਼ਹੀਦ ਉਧਮ ਸਿੰਘ ਨਗਰ ਗਾਲੀ ਨੰ. 3, ਨਗਰ ਨਿਗਮ ਅੰਮ੍ਰਿਤਸਰ, ਵਾਰਡ ਨੰ. 43",Won Both Times (Stronghold),758,AAP,189,401,52.9,104,13.72,212,27.97,7,0.92,587,AAP,120,246,41.91,126,21.47,50,8.52,102,17.38,-155,-10.99,7.75,7.6,-10.59,-171,-22.56
94,"New Shaheed Udham Singh Nagar Mandir Wala Bazar No.9, Nagar Nigam Amritsar, Ward No. 43 + New Shaheed Udham Singh Nagar Gali No. 3, Nagar Nigam Amritsar, Ward No. 43 + Shaheed Udham Singh Nagar Gali No. 6, Nagar Nigam Amritsar, Ward No. 43","ਨਿਊ ਸ਼ਹੀਦ ਉਧਮ ਸਿੰਘ ਨਗਰ ਮੰਦਰ ਵਾਲਾ ਬਾਜ਼ਾਰ ਨੰ.9, ਨਗਰ ਨਿਗਮ ਅੰਮ੍ਰਿਤਸਰ, ਵਾਰਡ ਨੰ.43 + ਨਿਊ ਸ਼ਹੀਦ ਉਧਮ ਸਿੰਘ ਨਗਰ ਗਾਲੀ ਨੰ. 3, ਨਗਰ ਨਿਗਮ ਅੰਮ੍ਰਿਤਸਰ, ਵਾਰਡ ਨੰ.43 + ਸ਼ਹੀਦ ਉਧਮ ਸਿੰਘ ਨਗਰ ਗਾਲੀ ਨੰ.6, ਨਗਰ ਨਿਗਮ ਅੰਮ੍ਰਿਤਸਰ, ਵਾਰਡ ਨੰ. 43",Won Both Times (Stronghold),711,AAP,91,329,46.27,104,14.63,238,33.47,7,0.98,465,AAP,146,222,47.74,64,13.76,39,8.39,76,16.34,-107,1.47,-0.87,7.41,-17.13,-246,-34.6
95,"Jaspal Nagar Sultanwind Road, Nagar Nigam Amritsar, Ward No. 41","ਜਸਪਾਲ ਨਗਰ ਸੁਲਤਾਨਵਿੰਡ ਰੋਡ, ਨਗਰ ਨਿਗਮ ਅੰਮ੍ਰਿਤਸਰ, ਵਾਰਡ ਨੰ. 41",Won Both Times (Stronghold),831,AAP,322,504,60.65,182,21.9,117,14.08,6,0.72,692,AAP,52,282,40.75,230,33.24,65,9.39,73,10.55,-222,-19.9,11.34,8.67,-3.53,-139,-16.73
96,"New Jaspal Nagar Sultanwind Road, Nagar Nigam Amritsar, Ward No. 41","ਨਿਊ ਜਸਪਾਲ ਨਗਰ ਸੁਲਤਾਨਵਿੰਡ ਰੋਡ, ਨਗਰ ਨਿਗਮ ਅੰਮ੍ਰਿਤਸਰ, ਵਾਰਡ ਨੰ. 41",Won Both Times (Stronghold),692,AAP,91,296,42.77,205,29.62,154,22.25,6,0.87,495,AAP,61,207,41.82,146,29.49,40,8.08,69,13.94,-89,-0.95,-0.13,7.21,-8.31,-197,-28.47
97,"Namdev Colony, Main Bazar, Nagar Nigam Amritsar, Ward No. 41 + Gali No.4 Namdev Colony, Near Gurudwara Toot Sahib, Nagar Nigam Amritsar, Ward No. 41 + Namdev Colony, Gali No.6 Gurudwara Toot Sahib, Nagar Nigam Amritsar, Ward No. 41 + Gali No 4 Namdev Colony, Gurdwara Toot Sahib, Nagar Nigam Amritsar, Ward No. 41 + Gali No. 6 Namdev Colony, Nagar Nigam Amritsar, Ward No. 41 + Jaspal Nagar Sultanwind Road, Nagar Nigam Amritsar, Ward No. 41","ਨਾਮਦੇਵ ਕਲੋਨੀ, ਮੇਨ ਬਾਜ਼ਾਰ, ਨਗਰ ਨਿਗਮ ਅੰਮ੍ਰਿਤਸਰ, ਵਾਰਡ ਨੰ. 41 + ਗਾਲੀ ਨੰ.4 ਨਾਮਦੇਵ ਕਲੋਨੀ, ਨੇੜੇ ਗੁਰੂਦੁਆਰਾ ਤੂਤ ਸਾਹਿਬ, ਨਗਰ ਨਿਗਮ ਅੰਮ੍ਰਿਤਸਰ, ਵਾਰਡ ਨੰ. 41 + ਨਾਮਦੇਵ ਕਲੋਨੀ, ਗਾਲੀ ਨੰ.6 ਗੁਰੂਦੁਆਰਾ ਤੂਤ ਸਾਹਿਬ, ਨਗਰ ਨਿਗਮ ਅੰਮ੍ਰਿਤਸਰ, ਵਾਰਡ ਨੰ. 41 + ਗਾਲੀ ਨੰ 4 ਨਾਮਦੇਵ ਕਲੋਨੀ, ਗੁਰਦੁਆਰਾ ਤੂਤ ਸਾਹਿਬ, ਨਗਰ ਨਿਗਮ ਅੰਮ੍ਰਿਤਸਰ, ਵਾਰਡ ਨੰ. 41 + ਗਾਲੀ ਨੰ. 6 ਨਾਮਦੇਵ ਕਲੋਨੀ, ਨਗਰ ਨਿਗਮ ਅੰਮ੍ਰਿਤਸਰ, ਵਾਰਡ ਨੰ. 41 + ਜਸਪਾਲ ਨਗਰ ਸੁਲਤਾਨਵਿੰਡ ਰੋਡ, ਨਗਰ ਨਿਗਮ ਅੰਮ੍ਰਿਤਸਰ, ਵਾਰਡ ਨੰ. 41",Won Both Times (Stronghold),696,AAP,148,332,47.7,161,23.13,184,26.44,0,0.0,462,AAP,108,211,45.67,103,22.29,28,6.06,80,17.32,-121,-2.03,-0.84,6.06,-9.12,-234,-33.62
98,"New Jaspal Nagar Sultanwind Road, Nagar Nigam Amritsar, Ward No. 41 + Gali No. 4 Namdev Colony, Nagar Nigam Amritsar, Ward No. 41","ਨਿਊ ਜਸਪਾਲ ਨਗਰ ਸੁਲਤਾਨਵਿੰਡ ਰੋਡ, ਨਗਰ ਨਿਗਮ ਅੰਮ੍ਰਿਤਸਰ, ਵਾਰਡ ਨੰ. 41 + ਗਾਲੀ ਨੰ. 4 ਨਾਮਦੇਵ ਕਲੋਨੀ, ਨਗਰ ਨਿਗਮ ਅੰਮ੍ਰਿਤਸਰ, ਵਾਰਡ ਨੰ. 41",Won Both Times (Stronghold),614,AAP,163,304,49.51,141,22.96,141,22.96,1,0.16,414,AAP,68,184,44.44,116,28.02,43,10.39,40,9.66,-120,-5.07,5.06,10.23,-13.3,-200,-32.57
99,"Akali Colony, Gurnam Nagar near Saint Kabir School, Municipal Corporation Amritsar, Ward No. 40 + New Gurnam Nagar Street No.20 Ward No. 40","ਅਕਾਲੀ ਕਾਲੋਨੀ, ਗੁਰਨਾਮ ਨਗਰ ਨੇੜੇ ਸੈਂਟ ਕਬੀਰ ਸਕੂਲ, ਨਗਰ ਨਿਗਮ ਅੰਮ੍ਰਿਤਸਰ, ਵਾਰਡ ਨੰ. 40 + ਨਿਊ ਗੁਰਨਾਮ ਨਗਰ ਗਲੀ ਨੰ.20 ਵਾਰਡ ਨੰ. 40",Won Both Times (Stronghold),751,AAP,132,368,49.0,116,15.45,236,31.42,12,1.6,580,AAP,85,249,42.93,164,28.28,54,9.31,70,12.07,-119,-6.07,12.83,7.71,-19.35,-171,-22.77
100,Booth 100 - Amritsar South,ਬੂਥ 100 - ਅੰਮ੍ਰਿਤਸਰ ਦੱਖਣੀ,Won Both Times (Stronghold),744,AAP,247,422,56.72,118,15.86,175,23.52,7,0.94,551,AAP,146,280,50.82,134,24.32,63,11.43,37,6.72,-142,-5.9,8.46,10.49,-16.8,-193,-25.94
101,Booth 101 - Amritsar South,ਬੂਥ 101 - ਅੰਮ੍ਰਿਤਸਰ ਦੱਖਣੀ,Won Both Times (Stronghold),701,AAP,263,406,57.92,119,16.98,143,20.4,7,1.0,591,AAP,102,256,43.32,154,26.06,78,13.2,61,10.32,-150,-14.6,9.08,12.2,-10.08,-110,-15.69
102,Booth 102 - Amritsar South,ਬੂਥ 102 - ਅੰਮ੍ਰਿਤਸਰ ਦੱਖਣੀ,Won Both Times (Stronghold),689,AAP,223,378,54.86,128,18.58,155,22.5,7,1.02,536,AAP,108,239,44.59,131,24.44,55,10.26,78,14.55,-139,-10.27,5.86,9.24,-7.95,-153,-22.21
103,Booth 103 - Amritsar South,ਬੂਥ 103 - ਅੰਮ੍ਰਿਤਸਰ ਦੱਖਣੀ,Won Both Times (Stronghold),514,AAP,147,280,54.47,77,14.98,133,25.88,7,1.36,436,AAP,47,152,34.86,84,19.27,105,24.08,61,13.99,-128,-19.61,4.29,22.72,-11.89,-78,-15.18
104,Booth 104 - Amritsar South,ਬੂਥ 104 - ਅੰਮ੍ਰਿਤਸਰ ਦੱਖਣੀ,Won Both Times (Stronghold),429,AAP,140,245,57.11,63,14.69,105,24.48,7,1.63,337,AAP,67,150,44.51,83,24.63,50,14.84,23,6.82,-95,-12.6,9.94,13.21,-17.66,-92,-21.45
105,Booth 105 - Amritsar South,ਬੂਥ 105 - ਅੰਮ੍ਰਿਤਸਰ ਦੱਖਣੀ,Won Both Times (Stronghold),759,AAP,235,423,55.73,107,14.1,188,24.77,9,1.19,586,AAP,41,200,34.13,159,27.13,88,15.02,71,12.12,-223,-21.6,13.03,13.83,-12.65,-173,-22.79
106,Booth 106 - Amritsar South,ਬੂਥ 106 - ਅੰਮ੍ਰਿਤਸਰ ਦੱਖਣੀ,Won Both Times (Stronghold),848,AAP,300,483,56.96,158,18.63,183,21.58,7,0.83,696,AAP,63,261,37.5,198,28.45,64,9.2,106,15.23,-222,-19.46,9.82,8.37,-6.35,-152,-17.92
107,Booth 107 - Amritsar South,ਬੂਥ 107 - ਅੰਮ੍ਰਿਤਸਰ ਦੱਖਣੀ,Won Both Times (Stronghold),613,AAP,138,317,51.71,95,15.5,179,29.2,3,0.49,502,AAP,1,156,31.08,155,30.88,70,13.94,102,20.32,-161,-20.63,15.38,13.45,-8.88,-111,-18.11
108,Booth 108 - Amritsar South,ਬੂਥ 108 - ਅੰਮ੍ਰਿਤਸਰ ਦੱਖਣੀ,Lost in 2024 (to INC),586,AAP,174,315,53.75,100,17.06,141,24.06,4,0.68,451,INC,5,126,27.94,131,29.05,102,22.62,62,13.75,-189,-25.81,11.99,21.94,-10.31,-135,-23.04
109,Booth 109 - Amritsar South,ਬੂਥ 109 - ਅੰਮ੍ਰਿਤਸਰ ਦੱਖਣੀ,Lost in 2024 (to INC),720,AAP,76,287,39.86,211,29.31,198,27.5,3,0.42,599,INC,173,124,20.7,297,49.58,89,14.86,35,5.84,-163,-19.16,20.27,14.44,-21.66,-121,-16.81
110,Booth 110 - Amritsar South,ਬੂਥ 110 - ਅੰਮ੍ਰਿਤਸਰ ਦੱਖਣੀ,Won Both Times (Stronghold),609,AAP,165,339,55.67,72,11.82,174,28.57,9,1.48,461,AAP,57,159,34.49,102,22.13,92,19.96,70,15.18,-180,-21.18,10.31,18.48,-13.39,-148,-24.3
111,Booth 111 - Amritsar South,ਬੂਥ 111 - ਅੰਮ੍ਰਿਤਸਰ ਦੱਖਣੀ,Won Both Times (Stronghold),698,AAP,213,397,56.88,88,12.61,184,26.36,5,0.72,442,AAP,84,173,39.14,66,14.93,89,20.14,83,18.78,-224,-17.74,2.32,19.42,-7.58,-256,-36.68
112,Booth 112 - Amritsar South,ਬੂਥ 112 - ਅੰਮ੍ਰਿਤਸਰ ਦੱਖਣੀ,Won Both Times (Stronghold),734,AAP,289,448,61.04,98,13.35,159,21.66,8,1.09,533,AAP,110,225,42.21,115,21.58,80,15.01,79,14.82,-223,-18.83,8.23,13.92,-6.84,-201,-27.38
113,Booth 113 - Amritsar South,ਬੂਥ 113 - ਅੰਮ੍ਰਿਤਸਰ ਦੱਖਣੀ,Won Both Times (Stronghold),651,AAP,146,339,52.07,109,16.74,193,29.65,1,0.15,519,AAP,129,226,43.55,88,16.96,48,9.25,97,18.69,-113,-8.52,0.22,9.1,-10.96,-132,-20.28
114,Booth 114 - Amritsar South,ਬੂਥ 114 - ਅੰਮ੍ਰਿਤਸਰ ਦੱਖਣੀ,Won Both Times (Stronghold),706,AAP,240,413,58.5,173,24.5,94,13.31,4,0.57,510,AAP,58,175,34.31,117,22.94,87,17.06,82,16.08,-238,-24.19,-1.56,16.49,2.77,-196,-27.76
115,Booth 115 - Amritsar South,ਬੂਥ 115 - ਅੰਮ੍ਰਿਤਸਰ ਦੱਖਣੀ,Won Both Times (Stronghold),518,AAP,168,301,58.11,71,13.71,133,25.68,3,0.58,382,AAP,49,157,41.1,108,28.27,46,12.04,38,9.95,-144,-17.01,14.56,11.46,-15.73,-136,-26.25
116,Booth 116 - Amritsar South,ਬੂਥ 116 - ਅੰਮ੍ਰਿਤਸਰ ਦੱਖਣੀ,Lost Both Times (Deficit),745,INC,161,187,25.1,348,46.71,165,22.15,4,0.54,658,INC,29,214,32.52,243,36.93,25,3.8,111,16.87,27,7.42,-9.78,3.26,-5.28,-87,-11.68
117,Booth 117 - Amritsar South,ਬੂਥ 117 - ਅੰਮ੍ਰਿਤਸਰ ਦੱਖਣੀ,Gained in 2024 (New Win),657,SAD,98,186,28.31,161,24.51,284,43.23,4,0.61,530,AAP,93,218,41.13,112,21.13,37,6.98,125,23.58,32,12.82,-3.38,6.37,-19.65,-127,-19.33
118,Booth 118 - Amritsar South,ਬੂਥ 118 - ਅੰਮ੍ਰਿਤਸਰ ਦੱਖਣੀ,Gained in 2024 (New Win),791,INC,32,206,26.04,281,35.52,249,31.48,4,0.51,706,AAP,35,215,30.45,180,25.5,17,2.41,166,23.51,9,4.41,-10.02,1.9,-7.97,-85,-10.75
119,Booth 119 - Amritsar South,ਬੂਥ 119 - ਅੰਮ੍ਰਿਤਸਰ ਦੱਖਣੀ,Lost Both Times (Deficit),746,INC,60,180,24.13,300,40.21,240,32.17,2,0.27,641,INC,92,171,26.68,263,41.03,50,7.8,74,11.54,-9,2.55,0.82,7.53,-20.63,-105,-14.08
120,Booth 120 - Amritsar South,ਬੂਥ 120 - ਅੰਮ੍ਰਿਤਸਰ ਦੱਖਣੀ,Won Both Times (Stronghold),679,AAP,162,324,47.72,162,23.86,162,23.86,6,0.88,566,AAP,146,245,43.29,99,17.49,60,10.6,68,12.01,-79,-4.43,-6.37,9.72,-11.85,-113,-16.64
121,Booth 121 - Amritsar South,ਬੂਥ 121 - ਅੰਮ੍ਰਿਤਸਰ ਦੱਖਣੀ,Won Both Times (Stronghold),458,AAP,84,211,46.07,103,22.49,127,27.73,1,0.22,557,AAP,156,271,48.65,115,20.65,50,8.98,71,12.75,60,2.58,-1.84,8.76,-14.98,99,21.62
122,Booth 122 - Amritsar South,ਬੂਥ 122 - ਅੰਮ੍ਰਿਤਸਰ ਦੱਖਣੀ,Won Both Times (Stronghold),158,AAP,15,74,46.84,16,10.13,59,37.34,1,0.63,677,AAP,122,291,42.98,169,24.96,44,6.5,127,18.76,217,-3.86,14.83,5.87,-18.58,519,328.48
123,Booth 123 - Amritsar South,ਬੂਥ 123 - ਅੰਮ੍ਰਿਤਸਰ ਦੱਖਣੀ,Won Both Times (Stronghold),823,AAP,136,402,48.85,120,14.58,266,32.32,1,0.12,691,AAP,171,334,48.34,70,10.13,24,3.47,163,23.59,-68,-0.51,-4.45,3.35,-8.73,-132,-16.04
124,Booth 124 - Amritsar South,ਬੂਥ 124 - ਅੰਮ੍ਰਿਤਸਰ ਦੱਖਣੀ,Lost in 2024 (to INC),275,AAP,53,135,49.09,48,17.45,82,29.82,3,1.09,676,INC,56,168,24.85,224,33.14,143,21.15,93,13.76,33,-24.24,15.69,20.06,-16.06,401,145.82
125,Booth 125 - Amritsar South,ਬੂਥ 125 - ਅੰਮ੍ਰਿਤਸਰ ਦੱਖਣੀ,Won Both Times (Stronghold),540,AAP,236,330,61.11,94,17.41,94,17.41,7,1.3,493,AAP,144,244,49.49,100,20.28,46,9.33,36,7.3,-86,-11.62,2.87,8.03,-10.11,-47,-8.7
126,"Daburji G.T. Road Right Side Chungi Sahib, Municipal Corporation Amritsar, Ward No. 36","ਦਬੁਰਜੀ ਜੀ.ਟੀ.ਰੋਡ ਸੱਜਾ ਪਾਸਾ ਚੁੰਗੀ ਸਾਹਿਬ, ਨਗਰ ਨਿਗਮ ਅੰਮ੍ਰਿਤਸਰ, ਵਾਰਡ ਨੰ. 36",Lost in 2024 (to INC),769,AAP,6,276,35.89,270,35.11,183,23.8,2,0.26,726,INC,62,189,26.03,251,34.57,63,8.68,143,19.7,-87,-9.86,-0.54,8.42,-4.1,-43,-5.59
127,"Gali No 1, Nahre Paar, Daburji Road, Nagar Nigam, Amritsar, Ward No 36 + Alpha International City, G.T. Road, Daburji, Nagar Nigam Amritsar Ward No 36, Amritsar + Abadi Kanwar Farm Near OTC Corporate Foyer Field, Nagar Nigam Amritsar, Ward No. 36 + Kanwar Avenue, Nagar Nigam Amritsar Ward No 36, Amritsar","ਗਲੀ ਨੰ 1, ਨਹਿਰੇ ਪਾਰ, ਦਬੁਰਜੀ ਰੋਡ, ਨਗਰ ਨਿਗਮ, ਅੰਮ੍ਰਿਤਸਰ, ਵਾਰਡ ਨੰ 36 + ਅਲਫ਼ਾ ਇੰਟਰਨੈਸ਼ਨਲ ਸਿਟੀ, ਜੀ.ਟੀ. ਰੋਡ, ਦਬੁਰਜੀ, ਨਗਰ ਨਿਗਮ ਅੰਮ੍ਰਿਤਸਰ ਵਾਰਡ ਨੰ 36, ਅੰਮ੍ਰਿਤਸਰ + ਅਬਾਦੀ ਕੰਵਰ ਫਾਰਮ ਨੇੜੇ ਓ.ਟੀ.ਸੀ. ਕਾਰਪੋਟ ਫੋਅਰ ਫੀਲਡ, ਨਗਰ ਨਿਗਮ ਅੰਮ੍ਰਿਤਸਰ, ਵਾਰਡ ਨੰ. 36 + ਕਨਵਰ ਐਵੀਨਿਊ, ਨਗਰ ਨਿਗਮ ਅੰਮ੍ਰਿਤਸਰ ਵਾਰਡ ਨੰ 36, ਅੰਮ੍ਰਿਤਸਰ",Lost in 2024 (to INC),708,AAP,58,286,40.4,228,32.2,158,22.32,7,0.99,595,INC,82,167,28.07,249,41.85,86,14.45,55,9.24,-119,-12.33,9.65,13.46,-13.08,-113,-15.96
128,"Pyramid City, Municipal Corporation Amritsar, Ward No. 25 + Baba Budha Ji Avenue Municipal Corporation Amritsar, Ward No. 36 + Surya Vihar, Municipal Corporation Ward No. 36 Amritsar + Nimbu Baba Budha Ji Avenue, Municipal Corporation Ward No. 36 Amritsar","ਪੀਰਾਮਿੰਡ ਸਿਟੀ, ਨਗਰ ਨਿਗਮ ਅੰਮ੍ਰਿਤਸਰ, ਵਾਰਡ ਨੰ 25 + ਬਾਬਾ ਬੁੱਢਾ ਜੀ ਐਵੇਨਿਊ ਨਗਰ ਨਿਗਮ ਅੰਮ੍ਰਿਤਸਰ, ਵਾਰਡ ਨੰ. 36 + ਸੁਰਿਆਆ ਵਿਹਾਰ, ਨਗਰ ਨਿਗਮ ਵਾਰਡ ਨੰ.36 ਅੰਮ੍ਰਿਤਸਰ + ਨਿੰਭੂ ਬਾਬਾ ਬੁੱਢਾ ਜੀ ਐਵੇਨਿਊ, ਨਗਰ ਨਿਗਮ ਵਾਰਡ ਨੰ.36 ਅੰਮ੍ਰਿਤਸਰ",Lost Both Times (Deficit),897,INC,39,271,30.21,311,34.67,272,30.32,4,0.45,700,INC,19,225,32.14,244,34.86,39,5.57,116,16.57,-46,1.93,0.19,5.12,-13.75,-197,-21.96
129,"Abadi Mandir Wale Plot, Subhash Colony, Gali No. 4, Nagar Nigam Amritsar, Ward No. 39 + Abadi Darshan Avenue, Nagar Nigam, Amritsar Ward No. 36, Amritsar + Darshan Avenue, B-Block, Sultanwind Road, Nagar Nigam, Amritsar, Ward No. 36, Amritsar + Abadi Bazigar G.T. Road, Nagar Nigam Amritsar, Ward No. 36","ਅਬਾਦੀ ਮੰਦਰ ਵਾਲੇ ਪਲਾਟ, ਸੁਭਾਸ਼ ਕਲੋਨੀ, ਗਲੀ ਨੰ. 4, ਨਗਰ ਨਿਗਮ ਅੰਮ੍ਰਿਤਸਰ, ਵਾਰਡ ਨੰ. 39 + ਅਬਾਦੀ ਦਰਸ਼ਨ ਐਵੇਨਿਊ, ਨਗਰ ਨਿਗਮ, ਅੰਮ੍ਰਿਤਸਰ ਵਾਰਡ ਨੰ 36, ਅੰਮ੍ਰਿਤਸਰ + ਦਰਸ਼ਨ ਐਵੇਨਿਊ, ਬੀ-ਬਲੌਕ, ਸੁਲਤਾਨਵਿੰਡ ਰੋਡ, ਨਗਰ ਨਿਗਮ, ਅੰਮ੍ਰਿਤਸਰ, ਵਾਰਡ ਨੰ 36, ਅੰਮ੍ਰਿਤਸਰ + ਅਬਾਦੀ ਬਾਜੀਗਰ ਜੀ.ਟੀ. ਰੋਡ, ਨਗਰ ਨਿਗਮ ਅੰਮ੍ਰਿਤਸਰ, ਵਾਰਡ ਨੰ. 36",Won Both Times (Stronghold),598,AAP,117,274,45.82,157,26.25,133,22.24,4,0.67,466,AAP,131,227,48.71,96,20.6,28,6.01,61,13.09,-47,2.89,-5.65,5.34,-9.15,-132,-22.07
130,"Sultanwind Abadi Lakha Singh, Municipal Corporation Amritsar, Ward No. 36 + Abadi Subhash Colony, Street No. 1, Municipal Corporation Amritsar, Ward No. 38 + Jasbir Nagar Daburji Road, Municipal Corporation Amritsar, Ward No. 36 + Abadi G.T. Road Field Amritsar, Municipal Corporation Amritsar, Ward No. 25 + New Darshan Avenue Municipal Corporation Ward No. 36 Amritsar","ਸੁਲਤਾਨਵਿੰਡ ਅਬਾਦੀ ਲੱਖਾ ਸਿੰਘ, ਨਗਰ ਨਿਗਮ ਅੰਮ੍ਰਿਤਸਰ, ਵਾਰਡ ਨੰ. 36 + ਅਬਾਦੀ ਸੁਭਾਸ਼ ਕਲੋਨੀ, ਗਲੀ ਨੰ.1, ਨਗਰ ਨਿਗਮ ਅੰਮ੍ਰਿਤਸਰ, ਵਾਰਡ ਨੰ. 38 + ਜਸਬੀਰ ਨਗਰ ਦਬੁਰਜੀ ਰੋਡ, ਨਗਰ ਨਿਗਮ ਅੰਮ੍ਰਿਤਸਰ, ਵਾਰਡ ਨੰ. 36 + ਅਬਾਦੀ ਜੀ.ਟੀ. ਰੋਡ ਫੀਲਡ ਅੰਮ੍ਰਿਤਸਰ, ਨਗਰ ਨਿਗਮ ਅੰਮ੍ਰਿਤਸਰ, ਵਾਰਡ ਨੰ. 25 + ਨਿਊ ਦਰਸ਼ਨ ਐਵੇਨਿਊ ਨਗਰ ਨਿਗਮ ਵਾਰਡ ਨੰ.36 ਅੰਮ੍ਰਿਤਸਰ",Won Both Times (Stronghold),553,AAP,47,222,40.14,175,31.65,137,24.77,3,0.54,300,AAP,41,109,36.33,68,22.67,10,3.33,53,17.67,-113,-3.81,-8.98,2.79,-7.1,-253,-45.75
131,"Abadi Subhash Colony, Mandir Wali Side, Nagar Nigam Amritsar, Ward No. 39 + Gate Enclave, Near Taran Wala Pull, Nagar Nigam Amritsar, Ward No. 39 + Ujagar Nagar, Sultanwind Road Nagar Nigam, Amritsar, Ward No. 39 + Harkrishan Avenue, Nagar Nigam Amritsar, Ward No. 39 + Abadi Dasmesh Engineering Works, Nagar Nigam Amritsar, Ward No. 25","ਅਬਾਦੀ ਸੁਭਾਸ਼ ਕਲੋਨੀ,, ਮੰਦਿਰ ਵਾਲੀ ਸਾਈਡ, ਨਗਰ ਨਿਗਮ ਅੰਮ੍ਰਿਤਸਰ, ਵਾਰਡ ਨੰ. 39 + ਗੇਟ ਇਨਕਲੇਵ, ਨਜਦੀਕ ਤਾਰਾਂ ਵਾਲਾ ਪੁੱਲ, ਨਗਰ ਨਿਗਮ ਅੰਮ੍ਰਿਤਸਰ, ਵਾਰਡ ਨੰ. 39 + ਉਜਾਗਰ ਨਗਰ, ਸੁਲਤਾਨਵਿੰਡ ਰੋਡ ਨਗਰ ਨਿਗਮ, ਅੰਮ੍ਰਿਤਸਰ, ਵਾਰਡ ਨੰ 39 + ਹਰਕ੍ਰਿਸ਼ਨ ਐਵੀਨਿਊ, ਨਗਰ ਨਿਗਮ ਅੰਮ੍ਰਿਤਸਰ, ਵਾਰਡ ਨੰ 39 + ਅਬਾਦੀ ਦਸਮੇਸ਼ ਇੰਜੀਨਿਰਿੰਗ ਵਰਕਸ, ਨਗਰ ਨਿਗਮ ਅੰਮ੍ਰਿਤਸਰ, ਵਾਰਡ ਨੰ. 25",Won Both Times (Stronghold),228,AAP,66,121,53.07,39,17.11,55,24.12,0,0.0,773,AAP,211,366,47.35,137,17.72,64,8.28,155,20.05,245,-5.72,0.61,8.28,-4.07,545,239.04
132,"Mandar Colony, G.T. Road Side, Municipal Corporation Amritsar, Ward No. 39 + Ram Avenue, Municipal Corporation Amritsar, Ward No. 39 + Abadi Mandir Wale Plat, Subhash Colony, Street No. 4, Municipal Corporation Amritsar, Ward No. 39","ਮੰਦਰ ਕਾਲੋਨੀ, ਜੀ.ਟੀ. ਰੋਡ ਵਾਲਾ ਪਾਸਾ, ਨਗਰ ਨਿਗਮ ਅੰਮ੍ਰਿਤਸਰ, ਵਾਰਡ ਨੰ. 39 + ਰਾਮ ਐਵੇਨਿਊ, ਨਗਰ ਨਿਗਮ ਅੰਮ੍ਰਿਤਸਰ, ਵਾਰਡ ਨੰ 39 + ਅਬਾਦੀ ਮੰਦਰ ਵਾਲੇ ਪਲਾਟ, ਸੁਭਾਸ਼ ਕਾਲੋਨੀ, ਗਲੀ ਨੰ. 4, ਨਗਰ ਨਿਗਮ ਅੰਮ੍ਰਿਤਸਰ, ਵਾਰਡ ਨੰ. 39",Won Both Times (Stronghold),906,AAP,140,450,49.67,119,13.13,310,34.22,3,0.33,712,AAP,189,344,48.31,103,14.47,50,7.02,155,21.77,-106,-1.36,1.34,6.69,-12.45,-194,-21.41
133,"Abadi Kot Mit Singh, Nagar Nigam Amritsar, Ward No. 38","ਅਬਾਦੀ ਕੋਟ ਮିਤ ਸਿੰਘ, ਨਗਰ ਨਿਗਮ ਅੰਮ੍ਰਿਤਸਰ, ਵਾਰਡ ਨੰ. 38",Won Both Times (Stronghold),801,AAP,176,422,52.68,113,14.11,246,30.71,2,0.25,623,AAP,138,297,47.67,102,16.37,28,4.49,159,25.52,-125,-5.01,2.26,4.24,-5.19,-178,-22.22
134,"Abadi Kot Mit Singh, Nagar Nigam Amritsar, Ward No. 38","ਅਬਾਦੀ ਕੋਟ ਮਿੱਤ ਸਿੰਘ, ਨਗਰ ਨਿਗਮ ਅੰਮ੍ਰਿਤਸਰ, ਵਾਰਡ ਨੰ. 38",Won Both Times (Stronghold),806,AAP,101,370,45.91,124,15.38,269,33.37,5,0.62,645,AAP,168,313,48.53,89,13.8,29,4.5,145,22.48,-57,2.62,-1.58,3.88,-10.89,-161,-19.98
135,"Abadi Davinder Nagar, Nagar Nigam Amritsar, Ward No. 38 + Kot Vadhava Singh, Near Kecher Rice Mill, Nagar Nigam Amritsar, Ward No. 38 + Abadi Mata Ganga Ji Nagar, Nagar Nigam Amritsar, Ward No. 38 + Abadi Bagichi Bhagta Kot Mitt Singh, Nagar Nigam Amritsar, Ward No. 37 + Punjabi Bagh Colony, Nagar Nigam Ward No. 37 Amritsar","ਅਬਾਦੀ ਦਵਿੰਦਰ ਨਗਰ, ਨਗਰ ਨਿਗਮ ਅੰਮ੍ਰਿਤਸਰ, ਵਾਰਡ ਨੰ. 38 + ਕੋਟ ਵਧਾਵਾ ਸਿੰਘ, ਨੇੜੇ ਕੇਚਰ ਰਾਇਸ ਮਿੱਲ, ਨਗਰ ਨਿਗਮ ਅੰਮ੍ਰਿਤਸਰ, ਵਾਰਡ ਨੰ. 38 + ਅਬਾਦੀ ਮਾਤਾ ਗੰਗਾ ਜੀ ਨਗਰ, ਨਗਰ ਨਿਗਮ ਅੰਮ੍ਰਿਤਸਰ, ਵਾਰਡ ਨੰ. 38 + ਅਬਾਦੀ ਬਗੀਚੀ ਭਗਤਾ ਕੋਟ ਮਿੱਤ ਸਿੰਘ, ਨਗਰ ਨਿਗਮ ਅੰਮ੍ਰਿਤਸਰ, ਵਾਰਡ ਨੰ. 37 + ਪੰਜਾਬੀ ਬਾਗ਼ ਕਲੋਨੀ, ਨਗਰ ਨਿਗਮ ਵਾਰਡ ਨੰ.37 ਅੰਮ੍ਰਿਤਸਰ",Won Both Times (Stronghold),692,AAP,97,326,47.11,90,13.01,229,33.09,9,1.3,490,AAP,52,190,38.78,92,18.78,37,7.55,138,28.16,-136,-8.33,5.77,6.25,-4.93,-202,-29.19
136,"Sultanwind, Abadi Kot Mint Singh, Nagar Nigam Amritsar, Ward No. 38 + Abadi Kot Mint Singh Nagar Nigam Ward No. 38","ਸੁਲਤਾਨਵਿੰਡ,ਅਬਾਦੀ ਕੋਟ ਮਿੰਤ ਸਿੰਘ, ਨਗਰ ਨਿਗਮ ਅੰਮ੍ਰਿਤਸਰ, ਵਾਰਡ ਨੰ. 38 + ਅਬਾਦੀ ਕੋਟ ਮਿੰਤ ਸਿੰਘ ਨਗਰ ਨਿਗਮ ਵਾਰਡ ਨੰ 38",Won Both Times (Stronghold),828,AAP,104,337,40.7,233,28.14,210,25.36,7,0.85,612,AAP,91,248,40.52,157,25.65,39,6.37,103,16.83,-89,-0.18,-2.49,5.52,-8.53,-216,-26.09
137,"Abadi Kot Mitt Singh, Nagar Nigam Amritsar, Ward No. 38","ਅਬਾਦੀ ਕੋਟ ਮਿੱਤ ਸਿੰਘ, ਨਗਰ ਨਿਗਮ ਅੰਮ੍ਰਿਤਸਰ, ਵਾਰਡ ਨੰ. 38",Won Both Times (Stronghold),517,AAP,66,224,43.33,158,30.56,118,22.82,3,0.58,443,AAP,94,199,44.92,105,23.7,27,6.09,79,17.83,-25,1.59,-6.86,5.51,-4.99,-74,-14.31
138,"Abadi Gurduare Wali Gali Khalsa Nagar, Nagar Nigam Amritsar, Ward No. 38 + Abadi Gurduare To Agge Wali Gali Khalsa Nagar, Nagar Nigam Amritsar, Ward No. 38 + Abadi Kot Mitt Singh, Nagar Nigam Amritsar, Ward No. 38 + Kot Mitt Singh, Gali No. 1,2,3,4,5, Nagar Nigam Amritsar, Ward No. 38","ਅਬਾਦੀ ਗੁਰਦੁਆਰੇ ਵਾਲੀ ਗਲੀ ਖਾਲਸਾ ਨਗਰ, ਨਗਰ ਨਿਗਮ ਅੰਮ੍ਰਿਤਸਰ, ਵਾਰਡ ਨੰ. 38 + ਅਬਾਦੀ ਗੁਰਦੁਆਰੇ ਤੋ ਅੱਗੇ ਵਾਲੀ ਗਲੀ ਖਾਲਸਾ ਨਗਰ, ਨਗਰ ਨਿਗਮ ਅੰਮ੍ਰਿਤਸਰ, ਵਾਰਡ ਨੰ. 38 + ਅਬਾਦੀ ਕੋਟ ਮਿੱਤ ਸਿੰਘ, ਨਗਰ ਨਿਗਮ ਅੰਮ੍ਰਿਤਸਰ, ਵਾਰਡ ਨੰ. 38 + ਕੋਟ ਮਿੱਤ ਸਿੰਘ, ਗਲੀ ਨੰ. 1,2,3,4,5, ਨਗਰ ਨਿਗਮ ਅੰਮ੍ਰਿਤਸਰ, ਵਾਰਡ ਨੰ. 38",Won Both Times (Stronghold),755,AAP,242,426,56.42,105,13.91,184,24.37,7,0.93,565,AAP,110,238,42.12,128,22.65,21,3.72,113,20.0,-188,-14.3,8.74,2.79,-4.37,-190,-25.17
139,"Sultanwind, Abadi Khalsa Nagar, Nagar Nigam Amritsar, O.G. 85 Ward No. 38","ਸੁਲਤਾਨਵਿੰਡ, ਅਬਾਦੀ ਖਾਲਸਾ ਨਗਰ, ਨਗਰ ਨਿਗਮ ਅੰਮ੍ਰਿਤਸਰ, ੳ.ਜੀ. 85 ਵਾਰਡ ਨੰ 38",Won Both Times (Stronghold),575,AAP,206,330,57.39,87,15.13,124,21.57,4,0.7,441,AAP,81,190,43.08,109,24.72,17,3.85,86,19.5,-140,-14.31,9.59,3.15,-2.07,-134,-23.3
140,"Abadi Khalsa Colony, Kot Mint Singh, Nagar Nigam Amritsar Ward No 38 + Abadi Gurduware Wali Gali Khalsa Nagar, Nagar Nigam Amritsar, Ward No. 38","ਅਬਾਦੀ ਖਾਲਸਾ ਕਲੋਨੀ, ਕੋਟ ਮਿੰਤ ਸਿੰਘ, ਨਗਰ ਨਿਗਮ ਅੰਮ੍ਰਿਤਸਰ ਵਾਰਡ ਨੰ 38 + ਅਬਾਦੀ ਗੁਰਦੁਆਰੇ ਵਾਲੀ ਗਲੀ ਖਾਲਸਾ ਨਗਰ, ਨਗਰ ਨਿਗਮ ਅੰਮ੍ਰਿਤਸਰ, ਵਾਰਡ ਨੰ. 38",Won Both Times (Stronghold),712,AAP,108,337,47.33,110,15.45,229,32.16,7,0.98,383,AAP,91,169,44.13,78,20.37,30,7.83,55,14.36,-168,-3.2,4.92,6.85,-17.8,-329,-46.21
141,"Abadi Main Bazar, Bhai Manjh Road, Mata Ganga Ji Nagar, Nagar Nigam, Amritsar Ward No. 38, Amritsar. + Abadi Mata Ganga Ji Nagar, Nagar Nigam Amritsar, Ward No. 38","ਆਬਾਦੀ ਮੇਨ ਬਜਾਰ, ਭਾਈ ਮਾਂਝ ਰੋਡ, ਮਾਤਾ ਗੰਗਾ ਜੀ ਨਗਰ, ਨਗਰ ਨਿਗਮ,ਅੰਮ੍ਰਿਤਸਰ ਵਾਰਡ ਨੰ 38, ਅੰਮ੍ਰਿਤਸਰ. + ਆਬਾਦੀ ਮਾਤਾ ਗੰਗਾ ਜੀ ਨਗਰ, ਨਗਰ ਨਿਗਮ ਅੰਮ੍ਰਿਤਸਰ, ਵਾਰਡ ਨੰ. 38",Won Both Times (Stronghold),706,AAP,72,292,41.36,165,23.37,220,31.16,4,0.57,525,AAP,213,287,54.67,74,14.1,53,10.1,62,11.81,-5,13.31,-9.27,9.53,-19.35,-181,-25.64
142,"Bhai Kanaiya Ji Birdh Ashram, Nagar Nigam, Amritsar, Ward No. 38 + Abadi Main Bazaar, Bhai Manjh Road, Mata Ganga Ji Nagar, Nagar Nigam, Amritsar Ward No 38, Amritsar. + Abadi Guruduware te Agge Vali Gali Khalsa Nagar, Nagar Nigam Amritsar, Ward No. 38","ਭਾਈ ਕਨਈਆ ਜੀ ਬਿਰਧ ਆਸ਼ਰਮ, ਨਗਰ ਨਿਗਮ, ਅੰਮ੍ਰਿਤਸਰ, ਵਾਰਡ ਨੰ. 38 + ਆਬਾਦੀ ਮੇਨ ਬਾਜ਼ਾਰ, ਭਾਈ ਮਾਂਝ ਰੋਡ, ਮਾਤਾ ਗੰਗਾ ਜੀ ਨਗਰ, ਨਗਰ ਨਿਗਮ,ਅੰਮ੍ਰਿਤਸਰ ਵਾਰਡ ਨੰ 38, ਅੰਮ੍ਰਿਤਸਰ. + ਆਬਾਦੀ ਗੁਰਦੁਆਰੇ ਤੇ ਅੱਗੇ ਵਾਲੀ ਗਲੀ ਖਾਲਸਾ ਨਗਰ, ਨਗਰ ਨਿਗਮ ਅੰਮ੍ਰਿਤਸਰ, ਵਾਰਡ ਨੰ. 38",Gained in 2024 (New Win),388,INC,53,111,28.61,164,42.27,89,22.94,10,2.58,741,AAP,37,285,38.46,248,33.47,78,10.53,79,10.66,174,9.85,-8.8,7.95,-12.28,353,90.98
143,"Abadi Behiniwal, Nagar Nigam Amritsar, Ward No. 37","ਅਬਾਦੀ ਬਹਿਣੀਵਾਲ, ਨਗਰ ਨਿਗਮ ਅੰਮ੍ਰਿਤਸਰ, ਵਾਰਡ ਨੰ. 37",Won Both Times (Stronghold),848,AAP,158,389,45.87,167,19.69,231,27.24,10,1.18,696,AAP,153,321,46.12,168,24.14,51,7.33,94,13.51,-68,0.25,4.45,6.15,-13.73,-152,-17.92
144,"Abadi Taraf Behnival, Nagar Nigam Amritsar, Ward No. 39","ਅਬਾਦੀ ਤਰਫ ਬਹਿਨੀਵਾਲ, ਨਗਰ ਨਿਗਮ ਅੰਮ੍ਰਿਤਸਰ, ਵਾਰਡ ਨੰ. 39",Won Both Times (Stronghold),678,AAP,97,294,43.36,157,23.16,197,29.06,8,1.18,593,AAP,193,305,51.43,112,18.89,76,12.82,65,10.96,11,8.07,-4.27,11.64,-18.1,-85,-12.54
145,"Abadi Patti Sultan, Nagar Nigam Amritsar, Ward No. 37 + Abadi Khalsa Colony, Opposite Petrol Pump, Nagar Nigam Amritsar, Ward No. 38","ਅਬਾਦੀ ਪੱਤੀ ਸੁਲਤਾਨ, ਨਗਰ ਨਿਗਮ ਅੰਮ੍ਰਿਤਸਰ, ਵਾਰਡ ਨੰ. 37 + ਅਬਾਦੀ ਖਾਲਸਾ ਕਲੋਨੀ, ਪੈਟਰੋਲ ਪੰਪ ਸਾਹਮਣੇ, ਨਗਰ ਨਿਗਮ ਅੰਮ੍ਰਿਤਸਰ, ਵਾਰਡ ਨੰ. 38",Lost Both Times (Deficit),449,SAD,1,107,23.83,154,34.3,155,34.52,1,0.22,411,INC,30,116,28.22,146,35.52,36,8.76,76,18.49,9,4.39,1.22,8.54,-16.03,-38,-8.46
146,"Abadi Taraf Bahinival, Nagar Nigam Amritsar, Ward No. 39 + Gulmarg Avenue, Nagar Nigam Amritsar, Ward No 39, Amritsar. + Diamond Estate, Sultanwind Road, Nagar Nigam Ward No.39 Amritsar + Silver City, Sultanwind Road Ward No.39 Amritsar","ਅਬਾਦੀ ਤਰਫ ਬਹਿਨੀਵਾਲ, ਨਗਰ ਨਿਗਮ ਅੰਮ੍ਰਿਤਸਰ, ਵਾਰਡ ਨੰ. 39 + ਗੁਲਮਰਗ ਐਵੀਨਿਊ, ਨਗਰ ਨਿਗਮ ਅੰਮ੍ਰਿਤਸਰ, ਵਾਰਡ ਨੰ 39, ਅੰਮ੍ਰਿਤਸਰ. + ਡਾਇਮੰਡ ਅਸਟੇਟ, ਸੁਲਤਾਨਵਿੰਡ ਰੋਡ, ਨਗਰ ਨਿਗਮ ਵਾਰਡ ਨੰ.39 ਅੰਮ੍ਰਿਤਸਰ + ਸਿਲਵਰ ਸਿਟੀ, ਸੁਲਤਾਨਵਿੰਡ ਰੋਡ ਵਾਰਡ ਨੰ.39 ਅੰਮ੍ਰਿਤਸਰ",Lost Both Times (Deficit),443,INC,83,112,25.28,195,44.02,92,20.77,0,0.0,356,INC,65,99,27.81,164,46.07,28,7.87,36,10.11,-13,2.53,2.05,7.87,-10.66,-87,-19.64
147,"Sultanwind (Taraf Behniwal), Nagar Nigam Amritsar, Ward No. 39 + Abadi Behniwal, Nagar Nigam Amritsar, Ward No. 39 + Temple Avenue, Nagar Nigam Ward No.39 Amritsar","ਸੁਲਤਾਨਵਿੰਡ (ਤਰਫ ਬਹਿਣੀਵਾਲ), ਨਗਰ ਨਿਗਮ ਅੰਮ੍ਰਿਤਸਰ, ਵਾਰਡ ਨੰ. 39 + ਅਬਾਦੀ ਬਹਿਣੀਵਾਲ, ਨਗਰ ਨਿਗਮ ਅੰਮ੍ਰਿਤਸਰ, ਵਾਰਡ ਨੰ. 39 + ਟੈਪਲ ਐਵੀਨਿਊ, ਨਗਰ ਨਿਗਮ ਵਾਰਡ ਨੰ.39 ਅੰਮ੍ਰਿਤਸਰ",Won Both Times (Stronghold),672,AAP,232,399,59.38,74,11.01,167,24.85,13,1.93,525,AAP,53,208,39.62,155,29.52,45,8.57,90,17.14,-191,-19.76,18.51,6.64,-7.71,-147,-21.88
148,"Abadi Taraf Behniwal, Nagar Nigam Amritsar, Ward No. 39","ਅਬਾਦੀ ਤਰਫ ਬਹਿਣੀਵਾਲ, ਨਗਰ ਨਿਗਮ ਅੰਮ੍ਰਿਤਸਰ, ਵਾਰਡ ਨੰ. 39",Won Both Times (Stronghold),381,AAP,139,226,59.32,57,14.96,87,22.83,3,0.79,340,AAP,62,140,41.18,78,22.94,25,7.35,77,22.65,-86,-18.14,7.98,6.56,-0.18,-41,-10.76
149,"Randa Singh Nagar Taran Taran Road, Nagar Nigam Amritsar, Ward No. 44 + Baba Deep Singh Nagar Taran Taran Road (Sarabjit Nagar), Nagar Nigam Amritsar, Ward No. 44","ਰਾਂਡਾ ਸਿੰਘ ਨਗਰ ਤਰਨ ਤਾਰਨ ਰੋਡ, ਨਗਰ ਨਿਗਮ ਅੰਮ੍ਰਿਤਸਰ, ਵਾਰਡ ਨੰ. 44 + ਬਾਬਾ ਦੀਪ ਸਿੰਘ ਨਗਰ ਤਰਨ ਤਾਰਨ ਰੋਡ (ਸਰਬਜੀਤ ਨਗਰ), ਨਗਰ ਨਿਗਮ ਅੰਮ੍ਰਿਤਸਰ, ਵਾਰਡ ਨੰ. 44",Won Both Times (Stronghold),682,AAP,220,370,54.25,150,21.99,134,19.65,6,0.88,655,AAP,33,226,34.5,193,29.47,87,13.28,99,15.11,-144,-19.75,7.48,12.4,-4.54,-27,-3.96
150,"Baba Deep Singh Avenue, Taran Taran Road, Near Bharat Palace, Municipal Corporation Amritsar Ward No 44, Amritsar. + Utam Nagar, Taran Taran Road, Municipal Corporation. Amritsar. Ward No 44, Amritsar. + Bagichi Lakha Singh Taran Taran Road, Municipal Corporation Amritsar. Ward No 45, Amritsar. + Mata Kaulan Ji Nagar, Amritsar Ward No 44","ਬਾਬਾ ਦੀਪ ਸਿੰਘ ਐਵੀਨਿਊ, ਤਰਨ ਤਾਰਨ ਰੋਡ, ਨੇੜੇ ਭਾਰਤ ਪੈਲੇਸ, ਨਗਰ ਨਿਗਮ ਅੰਮ੍ਰਿਤਸਰ ਵਾਰਡ ਨੰ 44, ਅੰਮ੍ਰਿਤਸਰ. + ਉਤਮ ਨਗਰ, ਤਰਨ ਤਾਰਨ ਰੋਡ, ਨਗਰ ਨਿਗਮ. ਅੰਮ੍ਰਿਤਸਰ. ਵਾਰਡ ਨੰ 44, ਅੰਮ੍ਰਿਤਸਰ. + ਬਗੀਚੀ ਲੱਖਾ ਸਿੰਘ ਤਰਨ ਤਾਰਨ ਰੋਡ, ਨਗਰ ਨਿਗਮ ਅੰਮ੍ਰਿਤਸਰ. ਵਾਰਡ ਨੰ 45, ਅੰਮ੍ਰਿਤਸਰ. + ਮਾਤਾ ਕੌਲਾਂ ਜੀ ਨਗਰ, ਅੰਮ੍ਰਿਤਸਰ ਵਾਰਡ ਨੰ 44",Lost in 2024 (to INC),713,AAP,243,400,56.1,128,17.95,157,22.02,8,1.12,548,INC,6,185,33.76,191,34.85,71,12.96,58,10.58,-215,-22.34,16.9,11.84,-11.44,-165,-23.14
151,"Hari Singh Avenue, Opposite Dera Sant Baba Bhuri Wala, Municipal Corporation Amritsar, Ward No. 44 + Ganda Singh Colony, Tarn Taran Road, Municipal Corporation Amritsar, Ward No. 44","ਹਰੀ ਸਿੰਘ ਐਵੇਨਿਊ ਸਾਹਮਣੇ ਡੇਰਾ ਸੰਤ ਬਾਬਾ ਭੂਰੀ ਵਾਲਾ ਨਗਰ ਨਿਗਮ ਅੰਮ੍ਰਿਤਸਰ ਵਾਰਡ ਨੰ 44 + ਗੰਡਾ ਸਿੰਘ ਕਲੌਨੀ, ਤਰਨਤਾਰਨ ਰੋਡ, ਨਗਰ ਨਿਗਮ ਅੰਮ੍ਰਿਤਸਰ, ਵਾਰਡ ਨੰ. 44",Won Both Times (Stronghold),607,AAP,215,346,57.0,131,21.58,117,19.28,3,0.49,440,AAP,27,161,36.59,134,30.45,75,17.05,47,10.68,-185,-20.41,8.87,16.56,-8.6,-167,-27.51
152,Booth 152 - Amritsar South,ਬੂਥ 152 - ਅੰਮ੍ਰਿਤਸਰ ਦੱਖਣੀ,Lost in 2024 (to INC),708,AAP,318,453,63.98,107,15.11,135,19.07,7,0.99,617,INC,29,216,35.01,245,39.71,58,9.4,71,11.51,-237,-28.97,24.6,8.41,-7.56,-91,-12.85
153,"Guru Amardas Nagar, Taran Taran Road Nagar Nigam Amritsar, Ward No. 42 + Kot Maida Singh Bagihi Mathwali, Nagar Nigam Amritsar, Ward No. 45 + Gali Murbe Wali New Krishna Nagar Taran Taran Road, Nagar Nigam Amritsar, Ward No. 44","ਗੁਰੂ ਅਮਰਦਾਸ ਨਗਰ, ਤਰਨ ਤਾਰਨ ਰੋਡ ਨਗਰ ਨਿਗਮ ਅੰਮ੍ਰਿਤਸਰ, ਵਾਰਡ ਨੰ. 42 + ਕੋਟ ਮਾਇਦਾ ਸਿੰਘ ਬਗੀਚੀ ਮਠਵਾਲੀ, ਨਗਰ ਨਿਗਮ ਅੰਮ੍ਰਿਤਸਰ, ਵਾਰਡ ਨੰ. 45 + ਗਾਲੀ ਮੁਰਬੇ ਵਾਲੀ ਨਿਉ ਕ੍ਰਿਸ਼ਨਾ ਨਗਰ ਤਰਨ ਤਾਰਨ ਰੋਡ, ਨਗਰ ਨਿਗਮ ਅੰਮ੍ਰਿਤਸਰ, ਵਾਰਡ ਨੰ. 44",Won Both Times (Stronghold),395,AAP,215,271,68.61,56,14.18,55,13.92,1,0.25,342,AAP,46,137,40.06,91,26.61,46,13.45,46,13.45,-134,-28.55,12.43,13.2,-0.47,-53,-13.42
154,"Krishna Nagar Gali No. 1,2 Dera Kale Shah, Municipal Corporation Amritsar, Ward No. 42 + Krishna Nagar Gali Murabbe Vali, Tarn Taran Road, Municipal Corporation Amritsar, Ward No. 44 + Gali Bardana Tarn Taran Road, Municipal Corporation Amritsar, Ward No. 44","ਕ੍ਰਿਸ਼ਨਾ ਨਗਰ ਗਲੀ ਨੰ. 1,2 ਡੇਰਾ ਕਾਲੇ ਸ਼ਾਹ, ਨਗਰ ਨਿਗਮ ਅੰਮ੍ਰਿਤਸਰ, ਵਾਰਡ ਨੰ. 42 + ਕ੍ਰਿਸ਼ਨਾ ਨਗਰ ਗਲੀ ਮੁਰੱਬੇ ਵਾਲੀ, ਤਰਨਤਾਰਨ ਰੋਡ, ਨਗਰ ਨਿਗਮ ਅੰਮ੍ਰਿਤਸਰ, ਵਾਰਡ ਨੰ. 44 + ਗਲੀ ਬਰਦਾਨਾ ਤਰਨਤਾਰਨ ਰੋਡ, ਨਗਰ ਨਿਗਮ ਅੰਮ੍ਰਿਤਸਰ, ਵਾਰਡ ਨੰ. 44",Won Both Times (Stronghold),789,AAP,187,395,50.06,152,19.26,208,26.36,5,0.63,627,AAP,68,220,35.09,152,24.24,120,19.14,92,14.67,-175,-14.97,4.98,18.51,-11.69,-162,-20.53
155,"Kot Mahana Singh Taran Taran Road, Nagar Nigam Amritsar, Ward No. 45 + Akali Quarter Kot Mahana Singh Taran Taran Road, Nagar Nigam Amritsar, Ward No. 45 + Kot Mahana Singh, Nagar Nigam Amritsar, Ward No. 45 + Dilbag Nagar Gali No. 1 Dera, Nagar Nigam Amritsar, Ward No. 45 + Dilbag Nagar, Nagar Nigam Amritsar, Ward No. 45 + Guru Amar Das Nagar Gali No. 5 Taran Taran Road, Nagar Nigam Amritsar, Ward No. 42 + Murabbe Wali Gali (Navi Abadi) Taran Taran Road, Nagar Nigam Amritsar, Ward No. 44","ਕੋਟ ਮਾਹਣਾ ਸਿੰਘ ਤਰਨਤਾਰਨ ਰੋਡ, ਨਗਰ ਨਿਗਮ ਅੰਮ੍ਰਿਤਸਰ, ਵਾਰਡ ਨੰ. 45 + ਅਕਾਲੀ ਕ੍ਵਾਟਰ ਕੋਟ ਮਾਹਣਾ ਸਿੰਘ ਤਰਨਤਾਰਨ ਰੋਡ, ਨਗਰ ਨਿਗਮ ਅੰਮ੍ਰਿਤਸਰ, ਵਾਰਡ ਨੰ. 45 + ਕੋਟ ਮਾਹਣਾ ਸਿੰਘ, ਨਗਰ ਨਿਗਮ ਅੰਮ੍ਰਿਤਸਰ, ਵਾਰਡ ਨੰ. 45 + ਦਿਲਬਾਗ ਨਗਰ ਗਲੀ ਨੰ. 1 ਡੇਰਾ, ਨਗਰ ਨਿਗਮ ਅੰਮ੍ਰਿਤਸਰ, ਵਾਰਡ ਨੰ. 45 + ਦਿਲਬਾਗ ਨਗਰ, ਨਗਰ ਨਿਗਮ ਅੰਮ੍ਰਿਤਸਰ, ਵਾਰਡ ਨੰ. 45 + ਗੁਰੂ ਅਮਰ ਦਾਸ ਨਗਰ ਗਲੀ ਨੰ. 5 ਤਾਰਨ ਤਾਰਨ ਰੋਡ, ਨਗਰ ਨਿਗਮ ਅੰਮ੍ਰਿਤਸਰ, ਵਾਰਡ ਨੰ. 42 + ਮੁਰੱਬੇ ਵਾਲੀ ਗਲੀ (ਨਵੀ ਅਬਾਦੀ) ਤਰਨਤਾਰਨ ਰੋਡ, ਨਗਰ ਨਿਗਮ ਅੰਮ੍ਰਿਤਸਰ, ਵਾਰਡ ਨੰ. 44",Won Both Times (Stronghold),727,AAP,304,457,62.86,86,11.83,153,21.05,4,0.55,566,AAP,146,270,47.7,124,21.91,62,10.95,55,9.72,-187,-15.16,10.08,10.4,-11.33,-161,-22.15
156,"Kot Manda Singh Taran Taran Road, Municipal Corporation Amritsar, Ward No. 45 + Krishna Nagar Taran Taran Road Gali No. 3 Municipal Corporation Amritsar, Ward No. 45 + Gurdev Nagar, Municipal Corporation Amritsar, Ward No. 45","ਕੋਟ ਮਾਂਦਾ ਸਿੰਘ ਤਰਨਤਾਰਨ ਰੋਡ, ਨਗਰ ਨਿਗਮ ਅੰਮ੍ਰਿਤਸਰ, ਵਾਰਡ ਨੰ. 45 + ਕ੍ਰਿਸ਼ਨਾ ਨਗਰ ਤਰਨਤਾਰਨ ਰੋਡ ਗਲੀ ਨੰ. 3 ਨਗਰ ਨਿਗਮ ਅੰਮ੍ਰਿਤਸਰ, ਵਾਰਡ ਨੰ. 45 + ਗੁਰਦੇਵ ਨਗਰ, ਨਗਰ ਨਿਗਮ ਅੰਮ੍ਰਿਤਸਰ, ਵਾਰਡ ਨੰ. 45",Won Both Times (Stronghold),728,AAP,215,408,56.04,98,13.46,193,26.51,3,0.41,610,AAP,117,260,42.62,143,23.44,39,6.39,115,18.85,-148,-13.42,9.98,5.98,-7.66,-118,-16.21
157,"Murabbe Wali Gali, Nagar Nigam Amritsar, Ward No. 45","ਮੁਰੱਬੇ ਵਾਲੀ ਗਲੀ, ਨਗਰ ਨਿਗਮ ਅੰਮ੍ਰਿਤਸਰ, ਵਾਰਡ ਨੰ. 45",Won Both Times (Stronghold),663,AAP,254,385,58.07,131,19.76,130,19.61,3,0.45,425,AAP,91,180,42.35,89,20.94,61,14.35,61,14.35,-205,-15.72,1.18,13.9,-5.26,-238,-35.9
158,"Krishna Nagar Taran Taran Road Street No. 4, Municipal Corporation Amritsar, Ward No. 42 + Krishna Nagar Taran Taran Road Street No. 5, Municipal Corporation Amritsar, Ward No. 44 + Krishna Nagar Taran Taran Road Street No. 6, Municipal Corporation Amritsar, Ward No. 44 + Muhabbe Wali Gali, Municipal Corporation Amritsar, Ward No. 45","ਕ੍ਰਿਸ਼ਨਾ ਨਗਰ ਤਰਨਤਾਰਨ ਰੋਡ ਗਲੀ ਨੰ. 4, ਨਗਰ ਨਿਗਮ ਅੰਮ੍ਰਿਤਸਰ, ਵਾਰਡ ਨੰ. 42 + ਕ੍ਰਿਸ਼ਨਾ ਨਗਰ ਤਰਨਤਾਰਨ ਰੋਡ ਗਲੀ ਨੰ. 5, ਨਗਰ ਨਿਗਮ ਅੰਮ੍ਰਿਤਸਰ, ਵਾਰਡ ਨੰ. 44 + ਕ੍ਰਿਸ਼ਨਾ ਨਗਰ ਤਰਨਤਾਰਨ ਰੋਡ ਗਲੀ ਨੰ. 6, ਨਗਰ ਨਿਗਮ ਅੰਮ੍ਰਿਤਸਰ, ਵਾਰਡ ਨੰ. 44 + ਮුਹੱਬੇ ਵਾਲੀ ਗਲੀ, ਨਗਰ ਨਿਗਮ ਅੰਮ੍ਰਿਤਸਰ, ਵਾਰਡ ਨੰ. 45",Won Both Times (Stronghold),420,AAP,133,228,54.29,87,20.71,95,22.62,3,0.71,323,AAP,33,122,37.77,89,27.55,40,12.38,53,16.41,-106,-16.52,6.84,11.67,-6.21,-97,-23.1
159,"Dasmesh Nagar Gali No. 3, Nagar Nigam Amritsar, Ward No. 44 + Dasmesh Nagar Gali No. 2, Nagar Nigam Amritsar, Ward No. 44 + Ishwar Nagar, Gali No. 3, Nagar Nigam Amritsar, Ward No. 44 + Dasmesh Nagar Gali No. 1, Nagar Nigam Amritsar, Ward No. 50 + Atma Nagar, Gali No. 4, Nagar Nigam Amritsar, Ward No. 45","ਦਸ਼ਮੇਸ਼ ਨਗਰ ਗਲੀ ਨੰ 3, ਨਗਰ ਨਿਗਮ ਅੰਮ੍ਰਿਤਸਰ, ਵਾਰਡ ਨੰ. 44 + ਦਸ਼ਮੇਸ਼ ਨਗਰ ਗਲੀ ਨੰ. 2, ਨਗਰ ਨਿਗਮ ਅੰਮ੍ਰਿਤਸਰ, ਵਾਰਡ ਨੰ. 44 + ਈਸ਼ਵਰ ਨਗਰ, ਗਲੀ ਨੰ.3, ਨਗਰ ਨਿਗਮ ਅੰਮ੍ਰਿਤਸਰ, ਵਾਰਡ ਨੰ. 44 + ਦਸ਼ਮੇਸ਼ ਨਗਰ ਗਲੀ ਨੰ. 1, ਨਗਰ ਨਿਗਮ ਅੰਮ੍ਰਿਤਸਰ, ਵਾਰਡ ਨੰ. 50 + ਆਤਮਾ ਨਗਰ, ਗਲੀ ਨੰ.4, ਨਗਰ ਨਿਗਮ ਅੰਮ੍ਰਿਤਸਰ, ਵਾਰਡ ਨੰ. 45",Won Both Times (Stronghold),726,AAP,248,424,58.4,91,12.53,176,24.24,3,0.41,563,AAP,83,226,40.14,113,20.07,45,7.99,143,25.4,-198,-18.26,7.54,7.58,1.16,-163,-22.45
160,"Guru Nanak Colony, Gali No. 1A Ward No. 44 + Dashmesh Nagar Gali No. 4, Nagar Nigam Amritsar, Ward No. 44 + Dashmesh Nagar Gali No. 5, Nagar Nigam Amritsar, Ward No. 45 + Guru Nanak Colony, Gali No. 6 Ward No. 45 + Baba Budha Ji Nagar, Nagar Nigam Amritsar, Ward No. 45","ਗੁਰੂ ਨਾਨਕ ਕਲੋਨੀ, ਗਲੀ ਨੰ 1ਏ ਵਾਰਡ ਨੰ. 44 + ਦਸ਼ਮੇਸ਼ ਨਗਰ ਗਲੀ ਨੰ. 4, ਨਗਰ ਨਿਗਮ ਅੰਮ੍ਰਿਤਸਰ, ਵਾਰਡ ਨੰ. 44 + ਦਸ਼ਮੇਸ਼ ਨਗਰ ਗਲੀ ਨੰ. 5, ਨਗਰ ਨਿਗਮ ਅੰਮ੍ਰਿਤਸਰ, ਵਾਰਡ ਨੰ. 45 + ਗੁਰੂ ਨਾਨਕ ਕਲੋਨੀ, ਗਲੀ ਨੰ. 6 ਵਾਰਡ ਨੰ. 45 + ਬਾਬਾ ਬੁੱਢਾ ਜੀ ਨਗਰ, ਨਗਰ ਨਿਗਮ ਅੰਮ੍ਰਿਤਸਰ, ਵਾਰਡ ਨੰ. 45",Lost in 2024 (to BJP),853,AAP,261,453,53.11,192,22.51,170,19.93,28,3.28,743,BJP,74,178,23.96,200,26.92,274,36.88,42,5.65,-275,-29.15,4.41,33.6,-14.28,-110,-12.9
161,"New Shaheed Udham Singh Nagar Street No. 5, Municipal Corporation Amritsar, Ward No. 43 + Bagichi Lakha Singh Taran Taran Road Before Canal, Municipal Corporation Amritsar, Ward No. 45 + New Shaheed Udham Singh Nagar Street No. 2, Municipal Corporation Amritsar, Ward No. 43 + Dev Singh Sham Singh Rice Mill Bank Side Rajput Dharm Kanda Nagar Nigam Amritsar Ward No. 42","ਨਿਉ ਸ਼ਹੀਦ ਊਧਮ ਸਿੰਘ ਨਗਰ ਗਲੀ ਨੰ.5, ਨਗਰ ਨਿਗਮ ਅੰਮ੍ਰਿਤਸਰ, ਵਾਰਡ ਨੰ. 43 + ਬਾਗੀਚੀ ਲੱਖਾ ਸਿੰਘ ਤਰਨਤਾਰਨ ਰੋਡ ਨਹਿਰ ਤੋਂ ਪਹਿਲਾਂ, ਨਗਰ ਨਿਗਮ ਅੰਮ੍ਰਿਤਸਰ, ਵਾਰਡ ਨੰ. 45 + ਨਿਉ ਸ਼ਹੀਦ ਊਧਮ ਸਿੰਘ ਨਗਰ ਗਲੀ ਨੰ. 2, ਨਗਰ ਨਿਗਮ ਅੰਮ੍ਰਿਤਸਰ, ਵਾਰਡ ਨੰ. 43 + ਦੇਵ ਸਿੰਘ ਸ਼ਾਮ ਸਿੰਘ ਰਾਇਸ ਮਿੱਲ ਬੈਂਕ ਸਾਈਡ ਰਾਜਪੂਤ ਧਰਮ ਕੰਡਾ ਨਗਰ ਨਿਗਮ ਅੰਮ੍ਰਿਤਸਰ ਵਾਰਡ ਨੰ. 42",Lost in 2024 (to INC),696,AAP,60,303,43.53,243,34.91,126,18.1,8,1.15,522,INC,19,134,25.67,171,32.76,152,29.12,37,7.09,-169,-17.86,-2.15,27.97,-11.01,-174,-25.0
162,"Shailer Wali Gali Sharma Colony, Nagar Nigam Amritsar, Ward No. 45 + Namak Wali Gali Sharma Colony, Nagar Nigam Amritsar, Ward No. 45 + New Guru Gobind Singh Nagar Gali No. 4, Nagar Nigam Amritsar, Ward No. 50 + New Guru Gobind Singh Nagar Gali No. 3, Nagar Nigam Amritsar, Ward No. 50 + Guru Nanak Colony, Gali No. 5 Ward No. 45 + Guru Nanak Colony, Gali No. 2, Nagar Nigam Amritsar, Ward No. 45","ਸ਼ੈਲਰ ਵਾਲੀ ਗਲੀ ਸ਼ਰਮਾ ਕਲੋਨੀ, ਨਗਰ ਨਿਗਮ ਅੰਮ੍ਰਿਤਸਰ, ਵਾਰਡ ਨੰ. 45 + ਨਮਕ ਵਾਲੀ ਗਲੀ ਸ਼ਰਮਾ ਕਲੋਨੀ, ਨਗਰ ਨਿਗਮ ਅੰਮ੍ਰਿਤਸਰ, ਵਾਰਡ ਨੰ. 45 + ਨਿਊ ਗੁਰੂ ਗੋਬਿੰਦ ਸਿੰਘ ਨਗਰ ਗਲੀ ਨੰ 4, ਨਗਰ ਨਿਗਮ ਅੰਮ੍ਰਿਤਸਰ, ਵਾਰਡ ਨੰ. 50 + ਨਿਊ ਗੁਰੂ ਗੋਬਿੰਦ ਸਿੰਘ ਨਗਰ ਗਲੀ ਨੰ.3, ਨਗਰ ਨਿਗਮ ਅੰਮ੍ਰਿਤਸਰ, ਵਾਰਡ ਨੰ. 50 + ਗੁਰੂ ਨਾਨਕ ਕਲੋਨੀ, ਗਲੀ ਨੰ.5 ਵਾਰਡ ਨੰ. 45 + ਗੁਰੂ ਨਾਨਕ ਕਲੋਨੀ, ਗਲੀ ਨੰ. 2, ਨਗਰ ਨਿਗਮ ਅੰਮ੍ਰਿਤਸਰ, ਵਾਰਡ ਨੰ. 45",Lost in 2024 (to BJP),571,AAP,133,276,48.34,143,25.04,113,19.79,18,3.15,434,BJP,93,101,23.27,99,22.81,194,44.7,13,3.0,-175,-25.07,-2.23,41.55,-16.79,-137,-23.99
163,"Sharma Colony, Gali No. 1, Nagar Nigam Amritsar, Ward No. 45 + Main Bazar Guru Nanak Colony, Nagar Nigam Amritsar, Ward No. 45 + Chowk Chabutra, Nagar Nigam Amritsar, Ward No. 48 + Gali No. 1 Guru Gobind Singh Nagar, Nagar Nigam Amritsar, Ward No. 45 + Gali No. 1, Guru Gobind Singh Nagar, Nagar Nigam Amritsar, Ward No. 45","ਸ਼ਰਮਾ ਕਲੋਨੀ, ਗਲੀ ਨੰ. 1, ਨਗਰ ਨਿਗਮ ਅੰਮ੍ਰਿਤਸਰ, ਵਾਰਡ ਨੰ. 45 + ਮੇਨ ਬਜ਼ਾਰ ਗੁਰੂ ਨਾਨਕ ਕਲੌਨੀ, ਨਗਰ ਨਿਗਮ ਅੰਮ੍ਰਿਤਸਰ, ਵਾਰਡ ਨੰ. 45 + ਚੌਂਕ ਚਬੂਤਰਾ, ਨਗਰ ਨਿਗਮ ਅੰਮ੍ਰਿਤਸਰ, ਵਾਰਡ ਨੰ. 48 + ਗਲੀ ਨੰ.1 ਗੁਰੂ ਗੋਬਿੰਦ ਸਿੰਘ ਨਗਰ, ਨਗਰ ਨਿਗਮ ਅੰਮ੍ਰਿਤਸਰ, ਵਾਰਡ ਨੰ. 45 + ਗਲੀ ਨੰ.1, ਗੁਰੂ ਗੋਬਿੰਦ ਸਿੰਘ ਨਗਰ, ਨਗਰ ਨਿਗਮ ਅੰਮ੍ਰਿਤਸਰ, ਵਾਰਡ ਨੰ. 45",Won Both Times (Stronghold),900,AAP,215,453,50.33,177,19.67,238,26.44,9,1.0,673,AAP,11,219,32.54,208,30.91,127,18.87,74,11.0,-234,-17.79,11.24,17.87,-15.44,-227,-25.22
164,"Sharma Colony, Gali No. 2, Nagar Nigam Amritsar, Ward No. 45 + Sharma Colony, Gali No. 3, Nagar Nigam Amritsar, Ward No. 45 + Main Road Guru Gobind Singh Palace, Nagar Nigam Amritsar, Ward No. 45 + Guru Gobind Singh Nagar Gali No. 2, Nagar Nigam Amritsar, Ward No. 50","ਸ਼ਰਮਾ ਕਲੋਨੀ, ਗਲੀ ਨੰ 2, ਨਗਰ ਨਿਗਮ ਅੰਮ੍ਰਿਤਸਰ, ਵਾਰਡ ਨੰ. 45 + ਸ਼ਰਮਾ ਕਲੋਨੀ, ਗਲੀ ਨੰ 3, ਨਗਰ ਨਿਗਮ ਅੰਮ੍ਰਿਤਸਰ, ਵਾਰਡ ਨੰ. 45 + ਮੇਨ ਰੋਡ ਗੁਰੂ ਗੋਬਿੰਦ ਸਿੰਘ ਪੈਲੇਸ, ਨਗਰ ਨਿਗਮ ਅੰਮ੍ਰਿਤਸਰ, ਵਾਰਡ ਨੰ. 45 + ਗੁਰੂ ਗੋਬਿੰਦ ਸਿੰਘ ਨਗਰ ਗਲੀ ਨੰ.2, ਨਗਰ ਨਿਗਮ ਅੰਮ੍ਰਿਤਸਰ, ਵਾਰਡ ਨੰ. 50",Lost in 2024 (to INC),605,AAP,87,247,40.83,153,25.29,160,26.45,11,1.82,444,INC,3,73,16.44,145,32.66,142,31.98,62,13.96,-174,-24.39,7.37,30.16,-12.49,-161,-26.61
165,"Guru Nanak Colony, Street No. 3, Nagar Nigam Amritsar, Ward No. 45 + Guru Nanak Colony, Main Bazaar, Nagar Nigam Amritsar, Ward No. 45 + Guru Nanak Colony, Street No. 7, Nagar Nigam Amritsar, Ward No. 45","ਗੁਰੂ ਨਾਨਕ ਕਲੋਨੀ, ਗਲੀ ਨੰ 3, ਨਗਰ ਨਿਗਮ ਅੰਮ੍ਰਿਤਸਰ, ਵਾਰਡ ਨੰ. 45 + ਗੁਰੂ ਨਾਨਕ ਕਲੋਨੀ, ਮੇਨ ਬਾਜਾਰ, ਨਗਰ ਨਿਗਮ ਅੰਮ੍ਰਿਤਸਰ, ਵਾਰਡ ਨੰ. 45 + ਗੁਰੂ ਨਾਨਕ ਕਲੋਨੀ, ਗਲੀ ਨੰ. 7, ਨਗਰ ਨਿਗਮ ਅੰਮ੍ਰਿਤਸਰ, ਵਾਰਡ ਨੰ. 45",Lost in 2024 (to INC),701,AAP,125,331,47.22,206,29.39,140,19.97,11,1.57,558,INC,46,135,24.19,203,36.38,157,28.14,31,5.56,-196,-23.03,6.99,26.57,-14.41,-143,-20.4
166,"Himmatpura Gali No. 2, Nagar Nigam Amritsar, Ward No. 50 + Himmatpura Gali No. 3, Nagar Nigam Amritsar, Ward No. 50","ਹਿੰਮਤਪੁਰਾ ਗਾਲੀ ਨੰ 2, ਨਗਰ ਨਿਗਮ ਅੰਮ੍ਰਿਤਸਰ, ਵਾਰਡ ਨੰ. 50 + ਹਿੰਮਤਪੁਰਾ ਗਾਲੀ ਨੰ 3, ਨਗਰ ਨਿਗਮ ਅੰਮ੍ਰਿਤਸਰ, ਵਾਰਡ ਨੰ. 50",Lost Both Times (Deficit),686,INC,52,174,25.36,269,39.21,217,31.63,3,0.44,590,INC,109,159,26.95,268,45.42,66,11.19,63,10.68,-15,1.59,6.21,10.75,-20.95,-96,-13.99
167,"Guru Nanak Colony, Street No. 1A (Right Side), Nagar Nigam Amritsar, Ward No. 45 + Guru Gobind Singh Colony, Nagar Nigam Amritsar, Ward No. 50 + Chattha Rice Mills, Nagar Nigam Amritsar, Ward No. 45","ਗੁਰੂ ਨਾਨਕ ਕਲੋਨੀ, ਗਲੀ ਨੰ. 1ਏ ( ਸੱਜਾ ਪਾਸਾ ), ਨਗਰ ਨਿਗਮ ਅੰਮ੍ਰਿਤਸਰ, ਵਾਰਡ ਨੰ. 45 + ਗੁਰੂ ਗੋਬਿੰਦ ਸਿੰਘ ਕਲੋਨੀ, ਨਗਰ ਨਿਗਮ ਅੰਮ੍ਰਿਤਸਰ, ਵਾਰਡ ਨੰ. 50 + ਚੱਠਾ ਰਾਇਸ ਮਿਲਜ, ਨਗਰ ਨਿਗਮ ਅੰਮ੍ਰਿਤਸਰ, ਵਾਰਡ ਨੰ. 45",Lost in 2024 (to INC),272,AAP,6,100,36.76,94,34.56,64,23.53,5,1.84,250,INC,69,49,19.6,118,47.2,48,19.2,23,9.2,-51,-17.16,12.64,17.36,-14.33,-22,-8.09
168,"Gali No. 1, Nagar Nigam Colony, Nagar Nigam Amritsar, Ward No. 45 + Main Road Himmatpura, Nagar Nigam Amritsar, Ward No. 50 + Sher Singh Tarantaran Road, Nagar Nigam Amritsar, Ward No. 45 + Himmatpura, Gali No. 2, Nagar Nigam Amritsar, Ward No. 50 + Himmatpura Gali No. 1, Nagar Nigam Amritsar, Ward No. 50","ਗਲੀ ਨੰ.1, ਨਗਰ ਨਿਗਮ ਕਲੌਨੀ, ਨਗਰ ਨਿਗਮ ਅੰਮ੍ਰਿਤਸਰ ਵਾਰਡ ਨੰ 45 + ਮੇਨ ਰੋਡ ਹਿੰਮਤਪੁਰਾ, ਨਗਰ ਨਿਗਮ ਅੰਮ੍ਰਿਤਸਰ, ਵਾਰਡ ਨੰ. 50 + ਸ਼ੇਰ ਸਿੰਘ ਤਰਨਤਾਰਨ ਰੋਡ, ਨਗਰ ਨਿਗਮ ਅੰਮ੍ਰਿਤਸਰ, ਵਾਰਡ ਨੰ. 45 + ਹਿੰਮਤਪੁਰਾ, ਗਲੀ ਨੰ. 2, ਨਗਰ ਨਿਗਮ ਅੰਮ੍ਰਿਤਸਰ, ਵਾਰਡ ਨੰ. 50 + ਹਿੰਮਤਪੁਰਾ ਗਲੀ ਨੰ. 1, ਨਗਰ ਨਿਗਮ ਅੰਮ੍ਰਿਤਸਰ, ਵਾਰਡ ਨੰ. 50",Lost in 2024 (to BJP),596,AAP,44,253,42.45,209,35.07,91,15.27,23,3.86,464,BJP,26,114,24.57,131,28.23,157,33.84,35,7.54,-139,-17.88,-6.84,29.98,-7.73,-132,-22.15
169,"Gujarpura - 1 (Left Side), Nagar Nigam Amritsar, Ward No. 50 + Gujarpura - 2 (Right Side), Nagar Nigam Amritsar, Ward No. 50 + Gujarpura - 3 (Left Side), Nagar Nigam Amritsar, Ward No. 50","ਗੁੱਜਰਪੁਰਾ -1 (ਖੱਬਾ ਪਾਸਾ), ਨਗਰ ਨਿਗਮ ਅੰਮ੍ਰਿਤਸਰ, ਵਾਰਡ ਨੰ. 50 + ਗੁੱਜਰਪੁਰਾ - 2 (ਸੱਜਾ ਪਾਸਾ), ਨਗਰ ਨਿਗਮ ਅੰਮ੍ਰਿਤਸਰ, ਵਾਰਡ ਨੰ. 50 + ਗੁੱਜਰਪੁਰਾ -3 (ਖੱਬਾ ਪਾਸਾ), ਨਗਰ ਨਿਗਮ ਅੰਮ੍ਰਿਤਸਰ, ਵਾਰਡ ਨੰ. 50",Won Both Times (Stronghold),503,AAP,125,247,49.11,122,24.25,106,21.07,17,3.38,483,AAP,9,149,30.85,128,26.5,140,28.99,48,9.94,-98,-18.26,2.25,25.61,-11.13,-20,-3.98
